QUANTIDADE,NOME,IDADE,POSIÇÃO,CLUBE FORMADOR,CIDADE CLUBE FORMADOR,PAÍS CLUBE FORMADOR,CLUBE ORIGEM TRANSF.,CLUBE DESTINO TRANSF.,CIDADE CLUBE DESTINO TRANSF.,PAÍS CLUBE DESTINO TRANSF.,DATA TRANSF.,VALOR
1,MATHEUS JESUS,17,VOLANTE,FLAMENGO,RIO DE JANEIRO,BRASIL,FLAMENGO,PONTE PRETA,CAMPINAS,BRASIL,01/01/2015,
1,JOÃO LUCAS,23,LATERAL,FLAMENGO,RIO DE JANEIRO,BRASIL,FLAMENGO,CUIABÁ,CUIABÁ,BRASIL,01/01/2022,€150.000
1,NATAN,20,ZAGUEIRO,FLAMENGO,RIO DE JANEIRO,BRASIL,FLAMENGO,RED BULL BRAGANTINO,BRAGANÇA PAULISTA,BRASIL,01/01/2022,€3.500.000
1,HUGO MOURA,24,VOLANTE,FLAMENGO,RIO DE JANEIRO,BRASIL,FLAMENGO,CORITIBA,CURITIBA,BRASIL,18/07/2022,€1.200.000
1,MATHEUZINHO,23,LATERAL,FLAMENGO,RIO DE JANEIRO,BRASIL,FLAMENGO,CORINTHIANS,SÃO PAULO,BRASIL,16/02/2024,€4.000.000
1,DOUGLAS AUGUSTO,21,VOLANTE,FLUMINENSE,RIO DE JANEIRO,BRASIL,FLUMINENSE,CORINTHIANS,SÃO PAULO,BRASIL,19/07/2018,€1.020.000
1,LÉO PELÉ,22,ZAGUEIRO,FLUMINENSE,RIO DE JANEIRO,BRASIL,FLUMINENSE,SÃO PAULO,SÃO PAULO,BRASIL,01/01/2019,€700.000
1,PRAXEDES,15,VOLANTE,FLUMINENSE,RIO DE JANEIRO,BRASIL,FLUMINENSE,INTERNACIONAL,PORTO ALEGRE,BRASIL,01/02/2019,
1,BIEL,21,PONTA,FLUMINENSE,RIO DE JANEIRO,BRASIL,FLUMINENSE,BAHIA,SALVADOR,BRASIL,01/01/2023,€1.600.000
1,MARLONE,21,MEIA,VASCO,RIO DE JANEIRO,BRASIL,VASCO,CRUZEIRO,BELO HORIZONTE,BRASIL,17/12/2013,€1.000.000
1,LUAN,23,ZAGUEIRO,VASCO,RIO DE JANEIRO,BRASIL,VASCO,PALMEIRAS,SÃO PAULO,BRASIL,02/04/2017,€3.000.000
1,MADSON,25,LATERAL,VASCO,RIO DE JANEIRO,BRASIL,VASCO,GRÊMIO,PORTO ALEGRE,BRASIL,01/01/2018,€500.000
1,MATEUS VITAL,19,MEIA,VASCO,RIO DE JANEIRO,BRASIL,VASCO,CORINTHIANS,SÃO PAULO,BRASIL,15/01/2018,€2.000.000
1,MARRONY,21,PONTA,VASCO,RIO DE JANEIRO,BRASIL,VASCO,ATLÉTICO-MG,BELO HORIZONTE,BRASIL,05/06/2020,€3.450.000
1,RAUL,24,VOLANTE,VASCO,RIO DE JANEIRO,BRASIL,VASCO,RED BULL BRAGANTINO,BRAGANÇA PAULISTA,BRASIL,31/08/2020,€400.000
1,ALLANO,19,PONTA,BOTAFOGO,RIO DE JANEIRO,BRASIL,BOTAFOGO,CRUZEIRO,BELO HORIZONTE,BRASIL,28/10/2014,
1,LYANCO,18,ZAGUEIRO,BOTAFOGO,RIO DE JANEIRO,BRASIL,BOTAFOGO,SÃO PAULO,SÃO PAULO,BRASIL,01/02/2015,
1,EMERSON SANTOS,22,ZAGUEIRO,BOTAFOGO,RIO DE JANEIRO,BRASIL,BOTAFOGO,PALMEIRAS,SÃO PAULO,BRASIL,01/01/2018,€1.250.000
1,MATHEUS FERNANDES,20,VOLANTE,BOTAFOGO,RIO DE JANEIRO,BRASIL,BOTAFOGO,PALMEIRAS,SÃO PAULO,BRASIL,01/01/2019,€4.000.000
1,LENDRO CARVALHO,23,PONTA,BOTAFOGO,RIO DE JANEIRO,BRASIL,BOTAFOGO,CEARÁ,FORTALEZA,BRASIL,01/03/2019,€840.000
1,PAULO VICTOR,20,LATERAL,BOTAFOGO,RIO DE JANEIRO,BRASIL,BOTAFOGO,INTERNACIONAL,PORTO ALEGRE,BRASIL,01/07/2021,€500.000
1,MARCELO BENEVENUTO,25,ZAGUEIRO,BOTAFOGO,RIO DE JANEIRO,BRASIL,BOTAFOGO,FORTALEZA,FORTALEZA,BRASIL,05/01/2022,€1.000.000
1,KANU,26,ZAGUEIRO,BOTAFOGO,RIO DE JANEIRO,BRASIL,BOTAFOGO,BAHIA,SALVADOR,BRASIL,22/08/2023,€2.000.000
1,JANDERSON,24,ATACANTE,BOTAFOGO,RIO DE JANEIRO,BRASIL,BOTAFOGO,VITÓRIA,SALVADOR,BRASIL,19/04/2024,€900.000
1,ANDRÉ LUIZ,18,ATACANTE,AMÉRICA-RJ,RIO DE JANEIRO,BRASIL,AMÉRICA-RJ,FLAMENGO,RIO DE JANEIRO,BRASIL,01/09/2020,
1,EGUINALDO,18,PONTA,ARTSUL,NOVA IGUAÇU,BRASIL,ARTSUL,VASCO,RIO DE JANEIRO,BRASIL,12/08/2022,€120.000
1,FELIPINHO,26,LATERAL,ARTSUL,NOVA IGUAÇU,BRASIL,ARTSUL,SPORT,RECIFE,BRASIL,01/01/2024,€65.000
1,LUCAS OLIVEIRA,22,ZAGUEIRO,BANGU,RIO DE JANEIRO,BRASIL,BANGU,ATLÉTICO-GO,GOIÂNIA,BRASIL,10/08/2018,
1,JOÃO LUCAS,20,LATERAL,BANGU,RIO DE JANEIRO,BRASIL,BANGU,FLAMENGO,RIO DE JANEIRO,BRASIL,10/05/2019,
1,DENILSON,21,MEIA,BANGU,RIO DE JANEIRO,BRASIL,BANGU,CUIABÁ,CUIABÁ,BRASIL,13/01/2023,€50.000
1,LELÊ,26,ATACANTE,PROFUTE,ITABORAÍ,BRASIL,PROFUTE,FLUMINENSE,ITABORAÍ,BRASIL,10/01/2024,€745.000
1,MATHEUS BABI,22,ATACANTE,MACAÉ,MACAÉ,BRASIL,MACAÉ,SERRA MACAENSE,MACAÉ,BRASIL,14/02/2020,
1,AYRTON LUCAS,19,LATERAL,MADUREIRA,RIO DE JANEIRO,BRASIL,MADUREIRA,FLUMINENSE,RIO DE JANEIRO,BRASIL,01/01/2017,
1,MATHEUS BABI,23,ATACANTE,SERRA MACAENSE,MACAÉ,BRASIL,SERRA MACAENSE,ATHLETICO-PR,CURITIBA,BRASIL,14/04/2021,€1.750.000
1,BIRO BIRO,18,PONTA,NOVA IGUAÇU,NOVA IGUAÇU,BRASIL,NOVA IGUAÇU,FLUMINENSE,RIO DE JANEIRO,BRASIL,01/07/2013,
1,JONATHAN VIEIRA,20,LATERAL,NOVA IGUAÇU,NOVA IGUAÇU,BRASIL,NOVA IGUAÇU,BOTAFOGO,RIO DE JANEIRO,BRASIL,11/01/2019,
1,LUCAS MEZENGA,20,ZAGUEIRO,NOVA IGUAÇU,NOVA IGUAÇU,BRASIL,NOVA IGUAÇU,BOTAFOGO,RIO DE JANEIRO,BRASIL,19/01/2022,€50.000
1,KAYQUE,22,VOLANTE,NOVA IGUAÇU,NOVA IGUAÇU,BRASIL,NOVA IGUAÇU,BOTAFOGO,RIO DE JANEIRO,BRASIL,08/08/2022,€50.000
1,CARLINHOS,27,ATACANTE,NOVA IGUAÇU,NOVA IGUAÇU,BRASIL,NOVA IGUAÇU,FLAMENGO,RIO DE JANEIRO,BRASIL,08/04/2024,€600.000
1,JEFFINHO,22,PONTA,RESENDE,RESENDE,BRASIL,RESENDE,BOTAFOGO,RIO DE JANEIRO,BRASIL,26/08/2022,€300.000
1,SAULO MINEIRO,23,ATACANTE,VOLTA REDONDA,VOLTA REDONDA,BRASIL,VOLTA REDONDA,CEARÁ,FORTALEZA,BRASIL,22/09/2020,€110.000
1,MT,20,MEIA,VOLTA REDONDA,VOLTA REDONDA,BRASIL,VOLTA REDONDA,VASCO,RIO DE JANEIRO,BRASIL,10/06/2021,€100.000
1,EVERTTON,20,VOLANTE,VOLTA REDONDA,VOLTA REDONDA,BRASIL,VOLTA REDONDA,FLAMENGO,RIO DE JANEIRO,BRASIL,01/01/2024,
1,MARCINHO,20,PONTA,CORINTHIANS,SÃO PAULO,BRASIL,CORINTHIANS,REMO,BELÉM,BRASIL,04/01/2016,
1,MOISÉS,23,LATERAL,CORINTHIANS,SÃO PAULO,BRASIL,CORINTHIANS,BAHIA,SALVADOR,BRASIL,18/01/2019,€410.000
1,JUNINHO CAPIXABA,21,LATERAL,CORINTHIANS,SÃO PAULO,BRASIL,CORINTHIANS,GRÊMIO,PORTO ALEGRE,BRASIL,17/05/2019,€1.400.000
1,CLAYSON,24,PONTA,CORINTHIANS,SÃO PAULO,BRASIL,CORINTHIANS,BAHIA,SALVADOR,BRASIL,06/01/2020,€900.000
1,PEDRO HENRIQUE,25,ZAGUEIRO,CORINTHIANS,SÃO PAULO,BRASIL,CORINTHIANS,ATHLETICO-PR,CURITIBA,BRASIL,20/07/2020,€1.000.000
1,LUCAS PITON,22,LATERAL,CORINTHIANS,SÃO PAULO,BRASIL,CORINTHIANS,VASCO,RIO DE JANEIRO,BRASIL,01/01/2023,€3.000.000
1,MATHEUS DAVÓ,22,ATACANTE,CORINTHIANS,SÃO PAULO,BRASIL,CORINTHIANS,CRUZEIRO,BELO HORIZONTE,BRASIL,11/01/2023,€650.000
1,CHRYSTIAN BARLETTA,22,PONTA,CORINTHIANS,SÃO PAULO,BRASIL,CORINTHIANS,CEARÁ,FORTALEZA,BRASIL,31/07/2023,€1.250.000
1,MAÍLTON,20,LATERAL,PALMEIRAS,SÃO PAULO,BRASIL,PALMEIRAS,MIRASSOL,MIRASSOL,BRASIL,08/01/2019,
1,ARTUR,21,PONTA,PALMEIRAS,SÃO PAULO,BRASIL,PALMEIRAS,RED BULL BRAGANTINO,BRAGANÇA PAULISTA,BRASIL,17/01/2020,€6.000.000
1,VITINHO,22,MEIA,PALMEIRAS,SÃO PAULO,BRASIL,PALMEIRAS,RED BULL BRAGANTINO,BRAGANÇA PAULISTA,BRASIL,01/03/2021,€1.500.000
1,PATRICK DE PAULA,22,VOLANTE,PALMEIRAS,SÃO PAULO,BRASIL,PALMEIRAS,BOTAFOGO,RIO DE JANEIRO,BRASIL,25/03/2022,€6.000.000
1,WESLEY,23,PONTA,PALMEIRAS,SÃO PAULO,BRASIL,PALMEIRAS,CRUZEIRO,BELO HORIZONTE,BRASIL,01/01/2023,€3.000.000
1,MATHEUS FERNANDES,25,VOLANTE,PALMEIRAS,SÃO PAULO,BRASIL,PALMEIRAS,RED BULL BRAGANTINO,BRAGANÇA PAULISTA,BRASIL,01/01/2024,€1.800.000
1,JHON JHON,21,MEIA,PALMEIRAS,SÃO PAULO,BRASIL,PALMEIRAS,RED BULL BRAGANTINO,BRAGANÇA PAULISTA,BRASIL,15/07/2024,€4.100.000
1,HENRIQUE ALMEIDA,21,ATACANTE,SÃO PAULO,SÃO PAULO,BRASIL,SÃO PAULO,BOTAFOGO,RIO DE JANEIRO,BRASIL,01/01/2013,€750.000
1,RÉGIS,21,MEIA,SÃO PAULO,SÃO PAULO,BRASIL,SÃO PAULO,CHAPECOENSE,CHAPECÓ,BRASIL,06/01/2014,
1,RODRIGO CAIO,25,ZAGUEIRO,SÃO PAULO,SÃO PAULO,BRASIL,SÃO PAULO,FLAMENGO,RIO DE JANEIRO,BRASIL,01/01/2019,€7.000.000
1,LUCAS PERRI,24,GOLEIRO,SÃO PAULO,SÃO PAULO,BRASIL,SÃO PAULO,BOTAFOGO,RIO DE JANEIRO,BRASIL,17/08/2022,€350.000
1,WEVERSON,20,LATERAL,SÃO PAULO,SÃO PAULO,BRASIL,SÃO PAULO,RED BULL BRAGANTINO,BRAGANÇA PAULISTA,BRASIL,12/03/2021,€300.000
1,GABRIEL NOVAES,22,ATACANTE,SÃO PAULO,SÃO PAULO,BRASIL,SÃO PAULO,RED BULL BRAGANTINO,BRAGANÇA PAULISTA,BRASIL,04/05/2021,€900.000
1,CALEBE,21,MEIA,SÃO PAULO,SÃO PAULO,BRASIL,SÃO PAULO,ATLÉTICO-MG,BELO HORIZONTE,BRASIL,30/06/2021,€50.000
1,HELINHO,21,PONTA,SÃO PAULO,SÃO PAULO,BRASIL,SÃO PAULO,RED BULL BRAGANTINO,BRAGANÇA PAULISTA,BRASIL,19/01/2022,€4.000.000
1,THIAGO COUTO,24,GOLEIRO,SÃO PAULO,SÃO PAULO,BRASIL,SÃO PAULO,SPORT,RECIFE,BRASIL,02/01/2024,€355.000
1,NATHAN MENDES,21,LATERAL,SÃO PAULO,SÃO PAULO,BRASIL,SÃO PAULO,RED BULL BRAGANTINO,BRAGANÇA PAULISTA,BRASIL,11/01/2024,€1.000.000
1,NEÍLTON,20,PONTA,SANTOS,SANTOS,BRASIL,SANTOS,CRUZEIRO,BELO HORIZONTE,BRASIL,01/07/2014,
1,ROBSON BAMBU,21,ZAGUEIRO,SANTOS,SANTOS,BRASIL,SANTOS,ATHLETICO-PR,CURITIBA,BRASIL,01/01/2019,€850.000
1,JOHN VICTOR,27,GOLEIRO,SANTOS,SANTOS,BRASIL,SANTOS,BOTAFOGO,RIO DE JANEIRO,BRASIL,04/01/2024,€1.350.000
1,FABRÍCIO BRUNO,25,ZAGUEIRO,RED BULL BRAGANTINO,BRAGANÇA PAULISTA,BRASIL,RED BULL BRAGANTINO,FLAMENGO,RIO DE JANEIRO,BRASIL,09/02/2022,€2.500.000
1,ARTUR,25,PONTA,RED BULL BRAGANTINO,BRAGANÇA PAULISTA,BRASIL,RED BULL BRAGANTINO,PALMEIRAS,SÃO PAULO,BRASIL,31/03/2023,€8.000.000
1,BRUNINHO,23,ATACANTE,ATLÉTICO SOROCABA,SOROCABA,BRASIL,ATLÉTICO SOROCABA,FLAMENGO,RIO DE JANEIRO,BRASIL,01/05/2013,€385.000
1,CÉSAR MARTINS,20,ZAGUEIRO,ATLÉTICO SOROCABA,SOROCABA,BRASIL,ATLÉTICO SOROCABA,PONTE PRETA,CAMPINAS,BRASIL,01/05/2013,
1,ALEX APOLINÁRIO,18,MEIA,BOTAFOGO-SP,RIBEIRÃO PRETO,BRASIL,BOTAFOGO-SP,CRUZEIRO,BELO HORIZONTE,BRASIL,02/02/2015,€190.000
1,JOÃO VICTOR,17,ZAGUEIRO,BOTAFOGO-SP,RIBEIRÃO PRETO,BRASIL,BOTAFOGO-SP,ATLÉTICO-MG,BELO HORIZONTE,BRASIL,04/01/2016,
1,GIOVANE,18,ATACANTE,CAPIVARIANO,CAPIVARI,BRASIL,CAPIVARIANO,CORINTHIANS,SÃO PAULO,BRASIL,31/07/2022,€550.000
1,GABRIEL TALIARI,26,ATACANTE,CAPIVARIANO,CAPIVARI,BRASIL,CAPIVARIANO,JUVENTUDE,CAXIAS DO SUL,BRASIL,11/01/2024,€170.000
1,LUAN,20,MEIA,CATANDUVENSE,CATANDUVA,BRASIL,CATANDUVENSE,GRÊMIO,PORTO ALEGRE,BRASIL,30/06/2013,€110.000
1,LÉO DUARTE,17,ZAGUEIRO,DESPORTIVO BRASIL,PORTO FELIZ,BRASIL,DESPORTIVO BRASIL,FLAMENGO,RIO DE JANEIRO,BRASIL,10/01/2014,€880.000
1,BREMER,19,ZAGUEIRO,DESPORTIVO BRASIL,PORTO FELIZ,BRASIL,DESPORTIVO BRASIL,ATLÉTICO-MG,BELO HORIZONTE,BRASIL,01/01/2017,€86.000
1,ÉDERSON,20,VOLANTE,DESPORTIVO BRASIL,PORTO FELIZ,BRASIL,DESPORTIVO BRASIL,CRUZEIRO,BELO HORIZONTE,BRASIL,15/07/2019,€295.000
1,MAURICIO,18,MEIA,DESPORTIVO BRASIL,PORTO FELIZ,BRASIL,DESPORTIVO BRASIL,CRUZEIRO,BELO HORIZONTE,BRASIL,01/12/2019,€175.000
1,KEVIN,18,PONTA,DESPORTIVO BRASIL,PORTO FELIZ,BRASIL,DESPORTIVO BRASIL,PALMEIRAS,SÃO PAULO,BRASIL,01/07/2021,€125.000
1,PEDRO ROCHA,20,PONTA,DIADEMA,DIADEMA,BRASIL,DIADEMA,GRÊMIO,PORTO ALEGRE,BRASIL,07/01/2015,
1,WILLIAM OLIVEIRA,23,VOLANTE,DOZE,VITÓRIA,BRASIL,DOZE,MADUREIRA,RIO DE JANEIRO,BRASIL,04/01/2016,
1,CLAUDINHO,19,MEIA,FERROVIÁRIA,ARARAQUARA,BRASIL,FERROVIÁRIA,CRUZEIRO,BELO HORIZONTE,BRASIL,17/07/2020,€500.000
1,IAN LUCCAS,20,VOLANTE,FERROVIÁRIA,ARARAQUARA,BRASIL,FERROVIÁRIA,CRUZEIRO,BELO HORIZONTE,BRASIL,17/04/2023,€200.000
1,RWAN SECO,20,ATACANTE,FLAMENGO-SP,GUARULHOS,BRASIL,FLAMENGO-SP,SANTOS,SANTOS,BRASIL,01/01/2022,€100.000
1,BRUNO GUIMARÃES,19,VOLANTE,GO AUDAX,OSASCO,BRASIL,GO AUDAX,ATHLETICO-PR,CURITIBA,BRASIL,11/05/2017,
1,YURI LIMA,23,VOLANTE,GO AUDAX,OSASCO,BRASIL,GO AUDAX,SANTOS,SANTOS,BRASIL,01/01/2018,€250.000
1,MATHEUS CADORINI,19,ATACANTE,GO AUDAX,OSASCO,BRASIL,GO AUDAX,INTERNACIONAL,PORTO ALEGRE,BRASIL,01/01/2022,€150.000
1,GABRIEL PEREIRA,16,PONTA,GUARANI,CAMPINAS,BRASIL,GUARANI,CORINTHIANS,SÃO PAULO,BRASIL,01/01/2018,€1.500.000
1,MATHEUS DAVÓ,20,ATACANTE,GUARANI,CAMPINAS,BRASIL,GUARANI,CORINTHIANS,SÃO PAULO,BRASIL,13/01/2020,€550.000
1,MATHEUS BIDU,23,LATERAL,GUARANI,CAMPINAS,BRASIL,GUARANI,CORINTHIANS,SÃO PAULO,BRASIL,01/01/2023,€270.000
1,RICHARD RÍOS,22,VOLANTE,GUARANI,CAMPINAS,BRASIL,GUARANI,PALMEIRAS,SÃO PAULO,BRASIL,28/03/2023,€1.100.000
1,THIAGUINHO,18,VOLANTE,GUARATINGUETÁ,GUARATINGUETÁ,BRASIL,GUARATINGUETÁ,JUVENTUS,SÃO PAULO,BRASIL,10/09/2015,
1,PEDRO RANGEL,20,GOLEIRO,ITAPIRENSE,ITAPIRA,BRASIL,ITAPIRENSE,FLUMINENSE,RIO DE JANEIRO,BRASIL,01/01/2021,€20.000
1,LEANDRINHO,15,PONTA,ITUANO,ITU,BRASIL,ITUANO,PONTE PRETA,CAMPINAS,BRASIL,31/12/2013,
1,CLAYSON,20,PONTA,ITUANO,ITU,BRASIL,ITUANO,PONTE PRETA,CAMPINAS,BRASIL,18/01/2016,€500.000
1,IGOR VINÍCIUS,22,LATERAL,ITUANO,ITU,BRASIL,ITUANO,SÃO PAULO,SÃO PAULO,BRASIL,01/01/2020,€450.000
1,BERNARDO SCHAPPO,23,ZAGUEIRO,ITUANO,ITU,BRASIL,ITUANO,FORTALEZA,FORTALEZA,BRASIL,31/03/2023,€350.000
1,RIKELMI,20,PONTA,JUVENTUS,SÃO PAULO,BRASIL,JUVENTUS,BOTAFOGO,RIO DE JANEIRO,BRASIL,03/01/2022,€50.000
1,ROBINHO,22,PONTA,LEMENSE,LEME,BRASIL,LEMENSE,FLUMINENSE,RIO DE JANEIRO,BRASIL,12/08/2017,€2.000.000
1,RICHARD,23,VOLANTE,LEMENSE,LEME,BRASIL,LEMENSE,FLUMINENSE,RIO DE JANEIRO,BRASIL,09/02/2018,€180.000
1,RICHARD,24,VOLANTE,LEMENSE,LEME,BRASIL,FLUMINENSE,CORINTHIANS,SÃO PAULO,BRASIL,01/01/2019,€1.800.000
1,MAÍLTON,21,LATERAL,MIRASSOL,MIRASSOL,BRASIL,MIRASSOL,ATLÉTICO-MG,BELO HORIZONTE,BRASIL,01/01/2020,€300.000
1,GUILHERME CASTILHO,21,VOLANTE,MIRASSOL,MIRASSOL,BRASIL,MIRASSOL,ATLÉTICO-MG,BELO HORIZONTE,BRASIL,01/03/2021,€60.000
1,LUÍS OYAMA,25,VOLANTE,MIRASSOL,MIRASSOL,BRASIL,MIRASSOL,BOTAFOGO,RIO DE JANEIRO,BRASIL,07/04/2022,€400.000
1,GABRIEL,24,VOLANTE,MONTE AZUL,MONTE AZUL PAULISTA,BRASIL,MONTE AZUL,CORINTHIANS,SÃO PAULO,BRASIL,13/01/2017,€2.000.000
1,THIAGUINHO,22,VOLANTE,NACIONAL,SÃO PAULO,BRASIL,NACIONAL,CORINTHIANS,SÃO PAULO,BRASIL,04/04/2019,€460.000
1,LUCAS BARBOSA,19,PONTA,NOVORIZONTINO,NOVO HORIZONTE,BRASIL,NOVORIZONTINO,SANTOS,SANTOS,BRASIL,18/09/2020,€50.000
1,RÔMULO,22,MEIA,NOVORIZONTINO,NOVO HORIZONTE,BRASIL,NOVORIZONTINO,PALMEIRAS,SÃO PAULO,BRASIL,01/04/2024,€1.100.000
1,PEDRINHO,20,PONTA,OESTE,BARUERI,BRASIL,OESTE,ATHLETICO-PR,CURITIBA,BRASIL,10/08/2020,€800.000
1,WERIK POPÓ,20,ATACANTE,OESTE,BARUERI,BRASIL,OESTE,RED BULL BRAGANTINO,BRAGANÇA PAULISTA,BRASIL,12/08/2022,€200.000
1,GUILHERME ANDRADE,23,LATERAL,PONTE PRETA,CAMPINAS,BRASIL,PONTE PRETA,CORINTHIANS,SÃO PAULO,BRASIL,15/01/2013,€375.000
1,MARCINHO,18,PONTA,PONTE PRETA,CAMPINAS,BRASIL,PONTE PRETA,CORINTHIANS,SÃO PAULO,BRASIL,06/01/2014,
1,CLAYSON,22,PONTA,PONTE PRETA,CAMPINAS,BRASIL,PONTE PRETA,CORINTHIANS,SÃO PAULO,BRASIL,22/05/2017,€950.000
1,EMERSON ROYAL,19,LATERAL,PONTE PRETA,CAMPINAS,BRASIL,PONTE PRETA,ATLÉTICO-MG,BELO HORIZONTE,BRASIL,14/04/2018,€1.180.000
1,DUDU,23,PONTA,PONTE PRETA,CAMPINAS,BRASIL,PONTE PRETA,SANTA CRUZ,RECIFE,BRASIL,27/03/2019,
1,MATHEUS ALEXANDRE,20,LATERAL,PONTE PRETA,CAMPINAS,BRASIL,PONTE PRETA,CORINTHIANS,SÃO PAULO,BRASIL,17/04/2019,€180.000
1,ABNER,19,LATERAL,PONTE PRETA,CAMPINAS,BRASIL,PONTE PRETA,ATHLETICO-PR,CURITIBA,BRASIL,19/07/2019,€2.400.000
1,CLAUDINHO,22,MEIA,PONTE PRETA,CAMPINAS,BRASIL,PONTE PRETA,RED BULL BRAGANTINO,BRAGANÇA PAULISTA,BRASIL,19/09/2019,€500.000
1,ZANOCELO,20,VOLANTE,PONTE PRETA,CAMPINAS,BRASIL,PONTE PRETA,FERROVIÁRIA,ARARAQUARA,BRASIL,05/02/2021,€350.000
1,IVAN,24,GOLEIRO,PONTE PRETA,CAMPINAS,BRASIL,PONTE PRETA,CORINTHIANS,SÃO PAULO,BRASIL,31/01/2022,€2.000.000
1,DOUGLAS MENDES,18,ZAGUEIRO,PONTE PRETA,CAMPINAS,BRASIL,PONTE PRETA,RED BULL BRAGANTINO,BRAGANÇA PAULISTA,BRASIL,12/08/2022,€2.000.000
1,FELIPINHO,22,VOLANTE,PONTE PRETA,CAMPINAS,BRASIL,PONTE PRETA,ATHLETICO-PR,CURITIBA,BRASIL,14/02/2024,€1.500.000
1,LÉO NALDI,22,VOLANTE,PONTE PRETA,CAMPINAS,BRASIL,PONTE PRETA,VITÓRIA,SALVADOR,BRASIL,06/03/2024,€557.000
1,GUILHERME,21,VOLANTE,PORTUGUESA,SÃO PAULO,BRASIL,PORTUGUESA,CORINTHIANS,SÃO PAULO,BRASIL,15/08/2012,€2.850.000
1,HABRAÃO,20,ZAGUEIRO,PRIMAVERA-SP,INDAIATUBA,BRASIL,PRIMAVERA-SP,FORTALEZA,FORTALEZA,BRASIL,08/02/2022,€35.000
1,MATHEUS GALDEZANI,23,VOLANTE,RIO CLARO,RIO CLARO,BRASIL,RIO CLARO,MIRASSOL,MIRASSOL,BRASIL,01/06/2015,
1,EVERTON CEBOLINHA,15,PONTA,SÃO BERNARDO,SÃO BERNARDO DO CAMPO,BRASIL,SÃO BERNARDO,FORTALEZA,FORTALEZA,BRASIL,03/10/2011,
1,ÉDSON,23,VOLANTE,SÃO BERNARDO,SÃO BERNARDO DO CAMPO,BRASIL,SÃO BERNARDO,FLUMINENSE,RIO DE JANEIRO,BRASIL,30/05/2015,€359.000
1,MARCINHO,23,PONTA,SÃO BERNARDO,SÃO BERNARDO DO CAMPO,BRASIL,SÃO BERNARDO,GOIÁS,GOIÂNIA,BRASIL,03/01/2019,€115.000
1,CHRYSTIAN BARLETTA,21,PONTA,SÃO BERNARDO,SÃO BERNARDO DO CAMPO,BRASIL,SÃO BERNARDO,CORINTHIANS,SÃO PAULO,BRASIL,20/03/2023,€1.000.000
1,MATHEUS HENRIQUE,20,VOLANTE,SÃO CAETANO,SÃO CAETANO DO SUL,BRASIL,SÃO CAETANO,GRÊMIO,PORTO ALEGRE,BRASIL,27/09/2018,€145.000
1,NONATO,20,MEIA,SÃO CAETANO,SÃO CAETANO DO SUL,BRASIL,SÃO CAETANO,INTERNACIONAL,PORTO ALEGRE,BRASIL,01/10/2019,€500.000
1,IGOR TORRES,20,ATACANTE,TABOÃO SERRA,SÃO PAULO,BRASIL,TABOÃO SERRA,FORTALEZA,FORTALEZA,BRASIL,05/03/2021,€30.000
1,LUAN,19,MEIA,TANABI,TANABI,BRASIL,TANABI,CATANDUVENSE,CATANDUVA,BRASIL,08/02/2013,
1,RODINEI,23,LATERAL,VITÓRIA-SP,HORTOLÂNDIA,BRASIL,VITÓRIA-SP,FLAMENGO,RIO DE JANEIRO,BRASIL,02/01/2016,€941.000
1,ROBSON REIS,20,ZAGUEIRO,VOCEM,ASSIS,BRASIL,VOCEM,SANTOS,SANTOS,BRASIL,11/02/2021,€31.000
1,LUCAS BERALDO,16,ZAGUEIRO,XV PIRACICABA,PIRACICABA,BRASIL,XV PIRACICABA,SÃO PAULO,SÃO PAULO,BRASIL,01/01/2020,
1,ERISON,22,ATACANTE,XV PIRACICABA,PIRACICABA,BRASIL,XV PIRACICABA,BOTAFOGO,RIO DE JANEIRO,BRASIL,28/01/2022,€200.000
1,JOÃO MAISTRO,23,ZAGUEIRO,XV PIRACICABA,PIRACICABA,BRASIL,XV PIRACICABA,ATLÉTICO-GO,GOIÂNIA,BRASIL,15/01/2024,€75.000
1,JOÃO VICTOR,18,ZAGUEIRO,ATLÉTICO-MG,BELO HORIZONTE,BRASIL,ATLÉTICO-MG,CORINTHIANS,SÃO PAULO,BRASIL,02/01/2017,
1,ALERRANDRO,20,ATACANTE,ATLÉTICO-MG,BELO HORIZONTE,BRASIL,ATLÉTICO-MG,RED BULL BRAGANTINO,BRAGANÇA PAULISTA,BRASIL,17/01/2020,€3.000.000
1,CLEITON,22,GOLEIRO,ATLÉTICO-MG,BELO HORIZONTE,BRASIL,ATLÉTICO-MG,RED BULL BRAGANTINO,BRAGANÇA PAULISTA,BRASIL,21/02/2020,€5.000.000
1,GUILHERME CASTILHO,22,VOLANTE,ATLÉTICO-MG,BELO HORIZONTE,BRASIL,ATLÉTICO-MG,CEARÁ,FORTALEZA,BRASIL,28/07/2022,€1.800.000
1,GUGA,24,LATERAL,ATLÉTICO-MG,BELO HORIZONTE,BRASIL,ATLÉTICO-MG,FLUMINENSE,RIO DE JANEIRO,BRASIL,01/01/2023,€1.500.000
1,CALEBE,22,MEIA,ATLÉTICO-MG,BELO HORIZONTE,BRASIL,ATLÉTICO-MG,FORTALEZA,FORTALEZA,BRASIL,05/02/2023,€1.100.000
1,NEÍLTON,23,PONTA,CRUZEIRO,BELO HORIZONTE,BRASIL,CRUZEIRO,VITÓRIA,SALVADOR,BRASIL,26/05/2017,€545.000
1,THONNY ANDERSON,21,MEIA,CRUZEIRO,BELO HORIZONTE,BRASIL,CRUZEIRO,GRÊMIO,PORTO ALEGRE,BRASIL,03/01/2019,€115.000
1,RANIEL,23,ATACANTE,CRUZEIRO,BELO HORIZONTE,BRASIL,CRUZEIRO,SÃO PAULO,SÃO PAULO,BRASIL,05/07/2019,€3.000.000
1,DAVID,24,PONTA,CRUZEIRO,BELO HORIZONTE,BRASIL,CRUZEIRO,FORTALEZA,FORTALEZA,BRASIL,31/01/2020,€1.000.000
1,WEVERTON,20,LATERAL,CRUZEIRO,BELO HORIZONTE,BRASIL,CRUZEIRO,RED BULL BRAGANTINO,BRAGANÇA PAULISTA,BRASIL,06/02/2020,€1.050.000
1,FABRÍCIO BRUNO,24,ZAGUEIRO,CRUZEIRO,BELO HORIZONTE,BRASIL,CRUZEIRO,RED BULL BRAGANTINO,BRAGANÇA PAULISTA,BRASIL,14/02/2020,€600.000
1,MAURICIO,19,MEIA,CRUZEIRO,BELO HORIZONTE,BRASIL,CRUZEIRO,INTERNACIONAL,PORTO ALEGRE,BRASIL,06/11/2020,€180.000
1,JADSOM SILVA,19,VOLANTE,CRUZEIRO,BELO HORIZONTE,BRASIL,CRUZEIRO,RED BULL BRAGANTINO,BRAGANÇA PAULISTA,BRASIL,19/02/2021,€850.000
1,VITOR ROQUE,17,ATACANTE,CRUZEIRO,BELO HORIZONTE,BRASIL,CRUZEIRO,ATHLETICO-PR,CURITIBA,BRASIL,11/04/2022,€4.700.000
1,DANIEL JR,21,MEIA,CRUZEIRO,BELO HORIZONTE,BRASIL,CRUZEIRO,VITÓRIA,SALVADOR,BRASIL,17/01/2024,€450.000
1,WESLEY,24,PONTA,CRUZEIRO,BELO HORIZONTE,BRASIL,CRUZEIRO,INTERNACIONAL,PORTO ALEGRE,BRASIL,16/02/2024,€2.000.000
1,RICHARLISON,18,ATACANTE,AMÉRICA-MG,BELO HORIZONTE,BRASIL,AMÉRICA-MG,FLUMINENSE,RIO DE JANEIRO,BRASIL,01/01/2016,€2.380.000
1,BRYAN,24,LATERAL,AMÉRICA-MG,BELO HORIZONTE,BRASIL,AMÉRICA-MG,CRUZEIRO,BELO HORIZONTE,BRASIL,10/05/2016,€160.000
1,DANILO BARCELOS,25,LATERAL,AMÉRICA-MG,BELO HORIZONTE,BRASIL,AMÉRICA-MG,ATLÉTICO-MG,BELO HORIZONTE,BRASIL,01/01/2017,€170.000
1,VITOR ROQUE,14,ATACANTE,AMÉRICA-MG,BELO HORIZONTE,BRASIL,AMÉRICA-MG,CRUZEIRO,BELO HORIZONTE,BRASIL,01/03/2019,
1,MATEUSÃO,15,ATACANTE,AMÉRICA-MG,BELO HORIZONTE,BRASIL,AMÉRICA-MG,FLAMENGO,RIO DE JANEIRO,BRASIL,30/04/2019,
1,KAWÊ,20,PONTA,AMÉRICA-MG,BELO HORIZONTE,BRASIL,AMÉRICA-MG,RED BULL BRAGANTINO,BRAGANÇA PAULISTA,BRASIL,27/07/2022,€200.000
1,CARLOS ALBERTO,21,PONTA,AMÉRICA-MG,BELO HORIZONTE,BRASIL,AMÉRICA-MG,BOTAFOGO,RIO DE JANEIRO,BRASIL,01/01/2024,€932.000
1,WALISSON,24,VOLANTE,ATHLETIC,SÃO JOÃO DEL REI,BRASIL,ATHLETIC,PONTE PRETA,CAMPINAS,BRASIL,17/08/2022,€1.100.000
1,RÔMULO,23,VOLANTE,ATHLETIC,SÃO JOÃO DEL REI,BRASIL,ATHLETIC,INTERNACIONAL,PORTO ALEGRE,BRASIL,14/01/2024,€565.000
1,LÉO GOMES,20,LATERAL,BOA ESPORTE,ITUIUTABA,BRASIL,BOA ESPORTE,GRÊMIO,PORTO ALEGRE,BRASIL,16/01/2017,€90.000
1,THACIANO,24,MEIA,BOA ESPORTE,ITUIUTABA,BRASIL,BOA ESPORTE,GRÊMIO,PORTO ALEGRE,BRASIL,01/07/2019,€450.000
1,THACIANO,27,MEIA,BOA ESPORTE,ITUIUTABA,BRASIL,GRÊMIO,BAHIA,SALVADOR,BRASIL,31/03/2023,€250.000
1,PAULO VITOR,19,VOLANTE,BOSTON CITY,MANHUAÇU,BRASIL,BOSTON CITY,ATLÉTICO-MG,BELO HORIZONTE,BRASIL,01/02/2024,€95.000
1,GREGORE,24,VOLANTE,SÃO CARLOS,SÃO CARLOS,BRASIL,SÃO CARLOS,BAHIA,SALVADOR,BRASIL,01/01/2019,€235.000
1,CAIO PAULISTA,23,LATERAL,TOMBENSE,TOMBOS,BRASIL,TOMBENSE,FLUMINENSE,RIO DE JANEIRO,BRASIL,11/09/2021,€1.000.000
1,BRUNO RODRIGUES,26,PONTA,TOMBENSE,TOMBOS,BRASIL,TOMBENSE,PALMEIRAS,SÃO PAULO,BRASIL,01/01/2024,€4.650.000
1,EVERTON GALDINO,26,PONTA,TOMBENSE,TOMBOS,BRASIL,TOMBENSE,GRÊMIO,PORTO ALEGRE,BRASIL,01/01/2024,€285.000
1,SAULO MINEIRO,21,ATACANTE,UBERLÂNDIA,UBERLÂNDIA,BRASIL,UBERLÂNDIA,TUPI,JUIZ DE FORA,BRASIL,22/01/2019,
1,MARCINHO,17,PONTA,VILA NOVA,GOIÂNIA,BRASIL,VILA NOVA,PONTE PRETA,CAMPINAS,BRASIL,01/01/2013,
1,RODRIGO GELADO,20,LATERAL,VILA NOVA,GOIÂNIA,BRASIL,VILA NOVA,CORITIBA,CURITIBA,BRASIL,01/01/2024,€400.000
1,PEPÊ,16,PONTA,ATHLETICO-PR,CURITIBA,BRASIL,ATHLETICO-PR,FOZ,FOZ DO IGUAÇU,BRASIL,01/01/2014,
1,MANOEL,24,ZAGUEIRO,ATHLETICO-PR,CURITIBA,BRASIL,ATHLETICO-PR,CRUZEIRO,BELO HORIZONTE,BRASIL,01/07/2014,€3.000.000
1,ANDRÉ LUIS,19,PONTA,ATHLETICO-PR,CURITIBA,BRASIL,ATHLETICO-PR,SANTA CRUZ,RECIFE,BRASIL,01/02/2017,
1,LÉO PEREIRA,24,ZAGUEIRO,ATHLETICO-PR,CURITIBA,BRASIL,ATHLETICO-PR,FLAMENGO,RIO DE JANEIRO,BRASIL,31/01/2020,€7.000.000
1,RONY,24,ATACANTE,ATHLETICO-PR,CURITIBA,BRASIL,ATHLETICO-PR,PALMEIRAS,SÃO PAULO,BRASIL,21/02/2020,€6.000.000
1,PEDRINHO,21,PONTA,ATHLETICO-PR,CURITIBA,BRASIL,ATHLETICO-PR,OESTE,BARUERI,BRASIL,08/03/2021,€700.000
1,NICOLAS,25,LATERAL,ATHLETICO-PR,CURITIBA,BRASIL,ATHLETICO-PR,AMÉRICA-MG,BELO HORIZONTE,BRASIL,01/01/2023,€500.000
1,LUCAS HALTER,23,ZAGUEIRO,ATHLETICO-PR,CURITIBA,BRASIL,ATHLETICO-PR,BOTAFOGO,RIO DE JANEIRO,BRASIL,11/01/2024,€1.800.000
1,ÉVERTON RIBEIRO,22,MEIA,CORITIBA,CURITIBA,BRASIL,CORITIBA,CRUZEIRO,BELO HORIZONTE,BRASIL,01/01/2013,€1.500.000
1,RAPHAEL VEIGA,19,MEIA,CORITIBA,CURITIBA,BRASIL,CORITIBA,PALMEIRAS,SÃO PAULO,BRASIL,01/01/2017,€1.300.000
1,ZÉ RAFAEL,23,VOLANTE,CORITIBA,CURITIBA,BRASIL,CORITIBA,BAHIA,SALVADOR,BRASIL,23/01/2017,€150.000
1,JUNINHO,22,ZAGUEIRO,CORITIBA,CURITIBA,BRASIL,CORITIBA,PALMEIRAS,SÃO PAULO,BRASIL,16/05/2017,€3.000.000
1,BRUNO GOMES,22,VOLANTE,CORITIBA,CURITIBA,BRASIL,CORITIBA,INTERNACIONAL,PORTO ALEGRE,BRASIL,16/02/2024,€1.310.000
1,ANDRÉ LUIS,21,PONTA,CIANORTE,CIANORTE,BRASIL,CIANORTE,CORINTHIANS,SÃO PAULO,BRASIL,07/01/2019,€815.000
1,PEPÊ,19,PONTA,FOZ,FOZ DO IGUAÇU,BRASIL,FOZ,GRÊMIO,PORTO ALEGRE,BRASIL,19/04/2016,€125.000
1,BRUNO HENRIQUE,24,VOLANTE,LONDRINA,LONDRINA,BRASIL,LONDRINA,CORINTHIANS,SÃO PAULO,BRASIL,01/02/2014,€460.000
1,MATHEUZINHO,18,LATERAL,LONDRINA,LONDRINA,BRASIL,LONDRINA,FLAMENGO,RIO DE JANEIRO,BRASIL,11/02/2019,€300.000
1,LUIZ FELIPE,22,ZAGUEIRO,PARANÁ,CURITIBA,BRASIL,PARANÁ,SANTOS,SANTOS,BRASIL,19/02/2016,€200.000
1,GEOVANE JESUS,16,LATERAL,PSTC,ALVORADA DO SUL,BRASIL,PSTC,PALMEIRAS,SÃO PAULO,BRASIL,01/01/2018,
1,RODINEI,22,LATERAL,AVAÍ,FLORIANÓPOLIS,BRASIL,AVAÍ,VITORIA-SP,HORTOLÂNDIA,BRASIL,01/01/2015,
1,GUGA,20,LATERAL,AVAÍ,FLORIANÓPOLIS,BRASIL,AVAÍ,ATLÉTICO-MG,BELO HORIZONTE,BRASIL,01/09/2019,€1.800.000
1,RÉGIS,21,MEIA,CHAPECOENSE,CHAPECÓ,BRASIL,CHAPECOENSE,SPORT,RECIFE,BRASIL,07/07/2014,€600.000
1,FABIANO,23,ZAGUEIRO,CHAPECOENSE,CHAPECÓ,BRASIL,CHAPECOENSE,CRUZEIRO,BELO HORIZONTE,BRASIL,01/01/2015,€1.400.000
1,HYORAN,23,MEIA,CHAPECOENSE,CHAPECÓ,BRASIL,CHAPECOENSE,PALMEIRAS,SÃO PAULO,BRASIL,19/12/2016,€2.000.000
1,FERNANDO,23,LATERAL,CHAPECOENSE,CHAPECÓ,BRASIL,CHAPECOENSE,ATHLETICO-PR,CURITIBA,BRASIL,16/01/2023,€500.000
1,MOISÉS,24,PONTA,CONCÓRDIA,CONCÓRDIA,BRASIL,CONCÓRDIA,PONTE PRETA,CAMPINAS,BRASIL,03/05/2021,€80.000
1,IAGO MAIDANA,19,ZAGUEIRO,CRICIÚMA,CRICIÚMA,BRASIL,CRICIÚMA,MONTE CRISTO,GOIÂNIA,BRASIL,11/09/2015,€185.000
1,RÓGER GUEDES,19,PONTA,CRICIÚMA,CRICIÚMA,BRASIL,CRICIÚMA,PALMEIRAS,SÃO PAULO,BRASIL,08/04/2016,€700.000
1,GUSTAVO,22,ATACANTE,CRICIÚMA,CRICIÚMA,BRASIL,CRICIÚMA,CORINTHIANS,SÃO PAULO,BRASIL,31/08/2016,€830.000
1,MARLON,21,LATERAL,CRICIÚMA,CRICIÚMA,BRASIL,CRICIÚMA,FLUMINENSE,RIO DE JANEIRO,BRASIL,11/01/2019,€450.000
1,NINO,22,ZAGUEIRO,CRICIÚMA,CRICIÚMA,BRASIL,CRICIÚMA,FLUMINENSE,RIO DE JANEIRO,BRASIL,13/01/2020,€1.000.000
1,DUDU,20,LATERAL,FIGUEIRENSE,FLORIANÓPOLIS,BRASIL,FIGUEIRENSE,INTERNACIONAL,PORTO ALEGRE,BRASIL,01/01/2018,
1,CLAYTON,20,PONTA,FIGUEIRENSE,FLORIANÓPOLIS,BRASIL,FIGUEIRENSE,ATLÉTICO-MG,BELO HORIZONTE,BRASIL,23/02/2016,€3.000.000
1,ANDRÉ HENRIQUE,22,ATACANTE,HERCÍLIO LUZ,TUBARÃO,BRASIL,HERCÍLIO LUZ,GRÊMIO,PORTO ALEGRE,BRASIL,01/01/2024,€1.200.000
1,BRENO LOPES,23,PONTA,JOINVILLE,JOINVILLE,BRASIL,JOINVILLE,JUVENTUDE,CAXIAS DO SUL,BRASIL,01/01/2019,
1,KELVYN,21,LATERAL,TUBARÃO,TUBARÃO,BRASIL,TUBARÃO,CEARÁ,FORTALEZA,BRASIL,08/06/2020,€80.000
1,LEANDRO,20,PONTA,GRÊMIO,PORTO ALEGRE,BRASIL,GRÊMIO,PALMEIRAS,SÃO PAULO,BRASIL,01/01/2014,€2.500.000
1,JÚNIOR TAVARES,20,LATERAL,GRÊMIO,PORTO ALEGRE,BRASIL,GRÊMIO,SÃO PAULO,SÃO PAULO,BRASIL,01/01/2017,€145.000
1,THONNY ANDERSON,22,MEIA,GRÊMIO,PORTO ALEGRE,BRASIL,GRÊMIO,RED BULL BRAGANTINO,BRAGANÇA PAULISTA,BRASIL,16/01/2020,€2.850.000
1,LIMA,24,MEIA,GRÊMIO,PORTO ALEGRE,BRASIL,GRÊMIO,CEARÁ,FORTALEZA,BRASIL,24/03/2021,€550.000
1,JUNINHO CAPIXABA,24,LATERAL,GRÊMIO,PORTO ALEGRE,BRASIL,GRÊMIO,RED BULL BRAGANTINO,BRAGANÇA PAULISTA,BRASIL,01/01/2023,€400.000
1,FERREIRINHA,26,PONTA,GRÊMIO,PORTO ALEGRE,BRASIL,GRÊMIO,SÃO PAULO,SÃO PAULO,BRASIL,09/01/2024,€4.100.000
1,CUIABANO,21,LATERAL,GRÊMIO,PORTO ALEGRE,BRASIL,GRÊMIO,BOTAFOGO,RIO DE JANEIRO,BRASIL,19/04/2024,€1.450.000
1,LEANDRO DAMIÃO,24,ATACANTE,INTERNACIONAL,PORTO ALEGRE,BRASIL,INTERNACIONAL,SANTOS,SANTOS,BRASIL,10/01/2014,€13.000.000
1,JOÃO PAULO,24,MEIA,INTERNACIONAL,PORTO ALEGRE,BRASIL,INTERNACIONAL,SANTA CRUZ,RECIFE,BRASIL,01/12/2015,€245.000
1,CHARLES,23,VOLANTE,INTERNACIONAL,PORTO ALEGRE,BRASIL,INTERNACIONAL,CEARÁ,FORTALEZA,BRASIL,01/01/2020,€670.000
1,PRAXEDES,19,VOLANTE,INTERNACIONAL,PORTO ALEGRE,BRASIL,INTERNACIONAL,RED BULL BRAGANTINO,BRAGANÇA PAULISTA,BRASIL,30/06/2021,€6.000.000
1,BRUNO GOMES,21,MEIA,INTERNACIONAL,PORTO ALEGRE,BRASIL,INTERNACIONAL,CORITIBA,CURITIBA,BRASIL,01/01/2023,€1.000.000
1,MAURICIO,23,MEIA,INTERNACIONAL,PORTO ALEGRE,BRASIL,INTERNACIONAL,PALMEIRAS,SÃO PAULO,BRASIL,10/07/2024,€10.500.000
1,EDENILSON,21,VOLANTE,CAXIAS,CAXIAS DO SUL,BRASIL,CAXIAS,CORINTHIANS,SÃO PAULO,BRASIL,02/05/2011,€220.000
1,BRESSAN,19,ZAGUEIRO,JUVENTUDE,CAXIAS DO SUL,BRASIL,JUVENTUDE,GRÊMIO,PORTO ALEGRE,BRASIL,01/01/2013,€265.000
1,FOLLMANN,20,GOLEIRO,JUVENTUDE,CAXIAS DO SUL,BRASIL,JUVENTUDE,GRÊMIO,PORTO ALEGRE,BRASIL,01/01/2013,€265.000
1,BRENNER,22,ATACANTE,JUVENTUDE,CAXIAS DO SUL,BRASIL,JUVENTUDE,INTERNACIONAL,PORTO ALEGRE,BRASIL,01/07/2016,€625.000
1,KLAUS,23,ZAGUEIRO,JUVENTUDE,CAXIAS DO SUL,BRASIL,JUVENTUDE,INTERNACIONAL,PORTO ALEGRE,BRASIL,01/01/2018,€390.000
1,BRENO LOPES,24,PONTA,JUVENTUDE,CAXIAS DO SUL,BRASIL,JUVENTUDE,PALMEIRAS,SÃO PAULO,BRASIL,13/11/2020,€1.500.000
1,SORRISO,20,PONTA,JUVENTUDE,CAXIAS DO SUL,BRASIL,JUVENTUDE,RED BULL BRAGANTINO,BRAGANÇA PAULISTA,BRASIL,28/01/2022,€900.000
1,IBAÑEZ,19,ZAGUEIRO,PRS,PORTO ALEGRE,BRASIL,PRS,FLUMINENSE,RIO DE JANEIRO,BRASIL,28/02/2018,€150.000
1,GABRIEL,23,MEIA,BAHIA,SALVADOR,BRASIL,BAHIA,FLAMENGO,RIO DE JANEIRO,BRASIL,15/01/2013,€2.460.000
1,PARÁ,19,LATERAL,BAHIA,SALVADOR,BRASIL,BAHIA,CRUZEIRO,BELO HORIZONTE,BRASIL,29/01/2015,€925.000
1,JEAN,22,GOLEIRO,BAHIA,SALVADOR,BRASIL,BAHIA,SÃO PAULO,SÃO PAULO,BRASIL,01/01/2018,€1.500.000
1,JUNINHO CAPIXABA,20,LATERAL,BAHIA,SALVADOR,BRASIL,BAHIA,CORINTHIANS,SÃO PAULO,BRASIL,01/01/2018,€1.500.000
1,GUSTAVO BLANCO,23,VOLANTE,BAHIA,SALVADOR,BRASIL,BAHIA,ATLÉTICO-MG,BELO HORIZONTE,BRASIL,21/05/2018,€275.000
1,ZÉ RAFAEL,25,VOLANTE,BAHIA,SALVADOR,BRASIL,BAHIA,PALMEIRAS,SÃO PAULO,BRASIL,01/01/2019,€3.000.000
1,ERIC RAMIRES,21,VOLANTE,BAHIA,SALVADOR,BRASIL,BAHIA,RED BULL BRAGANTINO,BRAGANÇA PAULISTA,BRASIL,19/01/2022,€1.850.000
1,LÉO MORAIS,22,LATERAL,VITÓRIA,SALVADOR,BRASIL,VITÓRIA,FLAMENGO,RIO DE JANEIRO,BRASIL,01/01/2014,€619.000
1,DAVID,22,PONTA,VITÓRIA,SALVADOR,BRASIL,VITÓRIA,CRUZEIRO,BELO HORIZONTE,BRASIL,01/01/2018,€2.500.000
1,YAN,19,PONTA,VITÓRIA,SALVADOR,BRASIL,VITÓRIA,PALMEIRAS,SÃO PAULO,BRASIL,18/07/2018,€250.000
1,JANDERSON,23,ATACANTE,AD BAHIA,SALVADOR,BRASIL,AD BAHIA,BOTAFOGO,RIO DE JANEIRO,BRASIL,01/01/2023,€50.000
1,DANILO,19,VOLANTE,CAJAZEIRAS,SALVADOR,BRASIL,CAJAZEIRAS,PALMEIRAS,SÃO PAULO,BRASIL,02/10/2020,€100.000
1,NEWTON,23,VOLANTE,JACUIPENSE,JACUÍPE,BRASIL,JACUIPENSE,BOTAFOGO,RIO DE JANEIRO,BRASIL,01/01/2024,€190.000
1,RAILAN,23,LATERAL,JACUIPENSE,JACUÍPE,BRASIL,JACUIPENSE,CUIABÁ,CUIABÁ,BRASIL,05/01/2024,€240.000
1,ARTUR,16,PONTA,CEARÁ,FORTALEZA,BRASIL,CEARÁ,PALMEIRAS,SÃO PAULO,BRASIL,01/01/2015,
1,ARTHUR CABRAL,20,ATACANTE,CEARÁ,FORTALEZA,BRASIL,CEARÁ,PALMEIRAS,SÃO PAULO,BRASIL,01/01/2019,€1.300.000
1,MARCOS VICTOR,21,ZAGUEIRO,CEARÁ,FORTALEZA,BRASIL,CEARÁ,BAHIA,SALVADOR,BRASIL,01/01/2023,€700.000
1,JEFFERSON MACIEL,19,ZAGUEIRO,CEARÁ,FORTALEZA,BRASIL,CEARÁ,BOTAFOGO,RIO DE JANEIRO,BRASIL,12/04/2023,€400.000
1,JONATHAN JESUS,20,ZAGUEIRO,CEARÁ,FORTALEZA,BRASIL,CEARÁ,CRUZEIRO,BELO HORIZONTE,BRASIL,10/07/2024,€1.430.000
1,EVERTON CEBOLINHA,17,PONTA,FORTALEZA,FORTALEZA,BRASIL,FORTALEZA,GRÊMIO,PORTO ALEGRE,BRASIL,01/01/2014,€100.000
1,WALFRIDO,19,VOLANTE,FORTALEZA,FORTALEZA,BRASIL,FORTALEZA,COIMBRA,CONTAGEM,BRASIL,20/05/2014,€132.000
1,JEAN MOTA,22,VOLANTE,FORTALEZA,FORTALEZA,BRASIL,FORTALEZA,SANTOS,SANTOS,BRASIL,09/06/2016,€209.000
1,EDINHO,23,MEIA,FORTALEZA,FORTALEZA,BRASIL,FORTALEZA,ATLÉTICO-MG,BELO HORIZONTE,BRASIL,28/06/2018,€450.000
1,GUSTAVO COUTINHO,24,ATACANTE,FORTALEZA,FORTALEZA,BRASIL,FORTALEZA,SPORT,RECIFE,BRASIL,13/01/2024,€1.300.000
1,DAVID DA HORA,24,PONTA,FORTALEZA,FORTALEZA,BRASIL,FORTALEZA,CORITIBA,CURITIBA,BRASIL,21/02/2024,€748.000
1,ERICK PULGA,22,PONTA,ATLÉTICO-CE,FORTALEZA,BRASIL,ATLÉTICO-CE,CEARÁ,FORTALEZA,BRASIL,31/03/2023,€110.000
1,CLÉBER,23,ATACANTE,BARBALHA,BARBALHA,BRASIL,BARBALHA,CEARÁ,FORTALEZA,BRASIL,11/03/2020,€30.000
1,ROGÉRIO,24,PONTA,NÁUTICO,RECIFE,BRASIL,NÁUTICO,SÃO PAULO,SÃO PAULO,BRASIL,03/09/2015,€415.000
1,MARCOS VINICIUS,21,MEIA,NÁUTICO,RECIFE,BRASIL,NÁUTICO,CRUZEIRO,BELO HORIZONTE,BRASIL,01/01/2016,€671.000
1,DUDU,22,PONTA,NÁUTICO,RECIFE,BRASIL,NÁUTICO,CRUZEIRO,BELO HORIZONTE,BRASIL,06/09/2018,
1,JOBSON,23,VOLANTE,NÁUTICO,RECIFE,BRASIL,NÁUTICO,RED BULL BRAGANTINO,BRAGANÇA PAULISTA,BRASIL,14/01/2019,€35.000
1,ROBINHO,20,PONTA,NÁUTICO,RECIFE,BRASIL,NÁUTICO,RED BULL BRAGANTINO,BRAGANÇA PAULISTA,BRASIL,17/05/2019,€220.000
1,THIAGUINHO,18,PONTA,NÁUTICO,RECIFE,BRASIL,NÁUTICO,FLAMENGO,RIO DE JANEIRO,BRASIL,01/01/2020,€1.600.000
1,RHALDNEY,23,VOLANTE,NÁUTICO,RECIFE,BRASIL,NÁUTICO,ATLÉTICO-GO,GOIÂNIA,BRASIL,19/07/2022,€150.000
1,MATEUS CARVALHO,21,VOLANTE,NÁUTICO,RECIFE,BRASIL,NÁUTICO,VASCO,RIO DE JANEIRO,BRASIL,01/01/2024,€430.000
1,OTÁVIO,15,MEIA,SANTA CRUZ,RECIFE,BRASIL,SANTA CRUZ,INTERNACIONAL,PORTO ALEGRE,BRASIL,01/01/2010,
1,RANIEL,20,ATACANTE,SANTA CRUZ,RECIFE,BRASIL,SANTA CRUZ,CRUZEIRO,BELO HORIZONTE,BRASIL,25/01/2017,€588.000
1,ANDRÉ LUIS,20,PONTA,SANTA CRUZ,RECIFE,BRASIL,SANTA CRUZ,CIANORTE,CIANORTE,BRASIL,12/12/2017,
1,DUDU,23,PONTA,SANTA CRUZ,RECIFE,BRASIL,SANTA CRUZ,GOIÁS,GOIÂNIA,BRASIL,27/09/2019,€200.000
1,MAYCON,22,GOLEIRO,SANTA CRUZ,RECIFE,BRASIL,SANTA CRUZ,RED BULL BRAGANTINO,BRAGANÇA PAULISTA,BRASIL,01/02/2021,€150.000
1,RENÊ,24,LATERAL,SPORT,RECIFE,BRASIL,SPORT,FLAMENGO,RIO DE JANEIRO,BRASIL,01/02/2017,€950.000
1,RÉGIS,25,MEIA,SPORT,RECIFE,BRASIL,SPORT,SÃO PAULO,SÃO PAULO,BRASIL,05/01/2018,€340.000
1,JADSOM SILVA,17,VOLANTE,SPORT,RECIFE,BRASIL,SPORT,CRUZEIRO,BELO HORIZONTE,BRASIL,01/02/2019,€200.000
1,EVERTON FELIPE,21,MEIA,SPORT,RECIFE,BRASIL,SPORT,SÃO PAULO,SÃO PAULO,BRASIL,05/07/2019,€700.000
1,ROGÉRIO,20,PONTA,PORTO-PE,CARUARU,BRASIL,PORTO-PE,NÁUTICO,RECIFE,BRASIL,01/01/2011,
1,MARLON,23,PONTA,PORTO-PE,CARUARU,BRASIL,PORTO-PE,PAYSANDU,BELÉM,BRASIL,19/02/2021,
1,LUIDY,20,PONTA,CRB,MACEIÓ,BRASIL,CRB,CORINTHIANS,SÃO PAULO,BRASIL,01/01/2017,€330.000
1,EMERSON NEGUEBA,22,PONTA,CRB,MACEIÓ,BRASIL,CRB,CUIABÁ,CUIABÁ,BRASIL,31/03/2023,€150.000
1,ÉDSON,22,VOLANTE,ABC,NATAL,BRASIL,ABC,SÃO BERNARDO,SÃO BERNARDO DO CAMPO,BRASIL,01/01/2014,
1,AYRTON LUCAS,17,LATERAL,ABC,NATAL,BRASIL,ABC,MADUREIRA,RIO DE JANEIRO,BRASIL,17/10/2014,
1,MARCILIO,20,LATERAL,ABC,NATAL,BRASIL,ABC,MIRASSOL,MIRASSOL,BRASIL,04/12/2015,€185.000
1,MATHEUS MATIAS,19,ATACANTE,ABC,NATAL,BRASIL,ABC,CORINTHIANS,SÃO PAULO,BRASIL,21/02/2018,€125.000
1,FESSIN,19,MEIA,ABC,NATAL,BRASIL,ABC,CORINTHIANS,SÃO PAULO,BRASIL,11/05/2018,€470.000
1,RODRIGUES,21,ZAGUEIRO,ABC,NATAL,BRASIL,ABC,GRÊMIO,PORTO ALEGRE,BRASIL,09/08/2019,€330.000
1,ANDREY,18,MEIA,ABC,NATAL,BRASIL,ABC,ATHLETICO-PR,CURITIBA,BRASIL,01/01/2024,€130.000
1,RODRIGÃO,22,ATACANTE,CAMPINENSE,CAMPINA GRANDE,BRASIL,CAMPINENSE,SANTOS,SANTOS,BRASIL,02/06/2016,€374.000
1,BRUNO MARQUES,22,ATACANTE,LAGARTO,LAGARTO,BRASIL,LAGARTO,SANTOS,SANTOS,BRASIL,02/03/2021,€95.000
1,JONAS,22,VOLANTE,SAMPAIO CORRÊA,SÃO LUÍS,BRASIL,SAMPAIO CORRÊA,FLAMENGO,RIO DE JANEIRO,BRASIL,21/01/2015,€330.000
1,FERNANDO SOBRAL,24,VOLANTE,SAMPAIO CORRÊA,SÃO LUÍS,BRASIL,SAMPAIO CORRÊA,CEARÁ,FORTALEZA,BRASIL,01/01/2019,€300.000
1,MATHEUSINHO,24,LATERAL,SAMPAIO CORRÊA,SÃO LUÍS,BRASIL,SAMPAIO CORRÊA,CUIABÁ,CUIABÁ,BRASIL,20/01/2023,€300.000
1,DAVID RICARDO,20,ZAGUEIRO,FLUMINENSE-PI,TERESINA,BRASIL,FLUMINENSE-PI,CEARÁ,FORTALEZA,BRASIL,04/01/2023,€70.000
1,LUIZ FERNANDO,21,PONTA,ATLÉTICO-GO,GOIÂNIA,BRASIL,ATLÉTICO-GO,BOTAFOGO,RIO DE JANEIRO,BRASIL,03/01/2018,€640.000
1,VITOR LEQUE,20,PONTA,ATLÉTICO-GO,GOIÂNIA,BRASIL,ATLÉTICO-GO,CRUZEIRO,BELO HORIZONTE,BRASIL,25/01/2022,€125.000
1,BARALHAS,24,VOLANTE,ATLÉTICO-GO,GOIÂNIA,BRASIL,ATLÉTICO-GO,INTERNACIONAL,PORTO ALEGRE,BRASIL,27/01/2023,€900.000
1,THIAGO MENDES,22,VOLANTE,GOIÁS,GOIÂNIA,BRASIL,GOIÁS,SÃO PAULO,SÃO PAULO,BRASIL,01/01/2015,€1.800.000
1,ERIK,21,PONTA,GOIÁS,GOIÂNIA,BRASIL,GOIÁS,PALMEIRAS,SÃO PAULO,BRASIL,01/01/2016,€3.000.000
1,MICHAEL,23,PONTA,GOIÁS,GOIÂNIA,BRASIL,GOIÁS,FLAMENGO,RIO DE JANEIRO,BRASIL,20/01/2020,€7.500.000
1,LÉO SENA,25,VOLANTE,GOIÁS,GOIÂNIA,BRASIL,GOIÁS,ATLÉTICO-MG,BELO HORIZONTE,BRASIL,18/06/2020,€680.000
1,SAULO MINEIRO,21,ATACANTE,CRAC,CATALÃO,BRASIL,CRAC,VOLTA REDONDA,VOLTA REDONDA,BRASIL,25/04/2019,
1,MICHAEL,21,PONTA,GOIANÉSIA,GOIANÉSIA,BRASIL,GOIANÉSIA,GOIÁS,GOIÂNIA,BRASIL,11/04/2017,
1,JUNIOR BRANDÃO,23,ATACANTE,IPORÁ,IPORÁ,BRASIL,IPORÁ,ATLÉTICO-GO,GOIÂNIA,BRASIL,27/03/2018,
1,IAGO MAIDANA,19,ZAGUEIRO,MONTE CRISTO,GOIÂNIA,BRASIL,MONTE CRISTO,SÃO PAULO,SÃO PAULO,BRASIL,14/09/2015,€450.000
1,PEPÊ,24,MEIA,CUIABÁ,CUIABÁ,BRASIL,CUIABÁ,GRÊMIO,PORTO ALEGRE,BRASIL,01/01/2023,€1.500.000
1,JOAQUIM,24,ZAGUEIRO,CUIABÁ,CUIABÁ,BRASIL,CUIABÁ,SANTOS,SANTOS,BRASIL,05/02/2023,€3.000.000
1,JUNIOR BRANDÃO,22,ATACANTE,PRIMAVERA-MT,PRIMAVERA DO LESTE,BRASIL,PRIMAVERA-MT,IPORÁ,IPORÁ,BRASIL,01/01/2018,
1,RONY,19,ATACANTE,REMO,BELÉM,BRASIL,REMO,CRUZEIRO,BELO HORIZONTE,BRASIL,22/04/2015,€100.000
1,MARCINHO,21,PONTA,REMO,BELÉM,BRASIL,REMO,SÃO BERNARDO,SÃO BERNARDO DO CAMPO,BRASIL,02/01/2017,
1,MARCO ANTÔNIO,20,MEIA,PARAENSE,MARITUBA,BRASIL,PARAENSE,BAHIA,SALVADOR,BRASIL,20/04/2018,€120.000
1,HYURI,22,ATACANTE,AUDAX,ANGRA DOS REIS,BRASIL,AUDAX,GZ RENHE (CHN),PEQUIM,CHINA,16/01/2014,€1.300.000
1,JAJÁ SILVA,23,PONTA,BOAVISTA,SAQUAREMA,BRASIL,BOAVISTA,AL-NASR (EAU),DUBAI,EMIRADOS ÁRABES UNIDOS,16/07/2022,€245.000
1,NEYMAR,21,PONTA,SANTOS,SANTOS,BRASIL,SANTOS,BARCELONA (ESP),BARCELONA,ESPANHA,01/07/2013,€88.000.000
1,FELIPE ANDERSON,20,PONTA,SANTOS,SANTOS,BRASIL,SANTOS,LAZIO (ITA),ROMA,ITÁLIA,09/07/2013,€7.500.000
1,RAFAEL CABRAL,23,GOLEIRO,SANTOS,SANTOS,BRASIL,SANTOS,NAPOLI (ITA),NÁPOLES,ITÁLIA,12/07/2013,€5.000.000
1,VICTOR ANDRADE,18,PONTA,SANTOS,SANTOS,BRASIL,SANTOS,BENFICA (POR),LISBOA,PORTUGAL,11/07/2014,€600.000
1,BRUNO PERES,24,LATERAL,SANTOS,SANTOS,BRASIL,SANTOS,TORINO (ITA),TURIM,ITÁLIA,01/09/2014,€2.000.000
1,RAFAEL GALHARDO,24,MEIA,SANTOS,SANTOS,BRASIL,SANTOS,ANDERLECHT (BEL),BRUXELAS,BÉLGICA,08/01/2016,€1.000.000
1,GEUVÂNIO,22,PONTA,SANTOS,SANTOS,BRASIL,SANTOS,TJ QUANJIAN (CHN),TIANJIN,CHINA,22/01/2016,€11.000.000
1,CAIO HENRIQUE,18,LATERAL,SANTOS,SANTOS,BRASIL,SANTOS,ATLÉTICO MADRID (ESP),MADRI,ESPANHA,02/02/2016,€300.000
1,GABIGOL,19,ATACANTE,SANTOS,SANTOS,BRASIL,SANTOS,INTERNAZIONALE (ITA),MILÃO,ITÁLIA,31/08/2016,€29.500.000
1,EMERSON,22,LATERAL,SANTOS,SANTOS,BRASIL,SANTOS,ROMA (ITA),ROMA,ITÁLIA,03/01/2017,€2.000.000
1,PAULO RICARDO,23,ZAGUEIRO,SANTOS,SANTOS,BRASIL,SANTOS,SION (FRA),SION,FRANÇA,01/07/2017,€500.000
1,THIAGO MAIA,20,VOLANTE,SANTOS,SANTOS,BRASIL,SANTOS,LILLE (FRA),LILLE,FRANÇA,31/07/2017,€14.000.000
1,RODRYGO,18,PONTA,SANTOS,SANTOS,BRASIL,SANTOS,REAL MADRID (ESP),MADRI,ESPANHA,01/07/2019,€45.000.000
1,CAJU,23,LATERAL,SANTOS,SANTOS,BRASIL,SANTOS,BRAGA (POR),BRAGA,PORTUGAL,23/07/2019,€350.000
1,KAIQUE ROCHA,18,ZAGUEIRO,SANTOS,SANTOS,BRASIL,SANTOS,SAMPDORIA (ITA),GÊNOVA,ITÁLIA,01/09/2019,€1.250.000
1,GIOVANNI,18,PONTA,SANTOS,SANTOS,BRASIL,SANTOS,AJAX (HOL),AMSTERDÃ,HOLANDA,01/03/2020,€1.500.000
1,LUCAS VERÍSSIMO,24,ZAGUEIRO,SANTOS,SANTOS,BRASIL,SANTOS,BENFICA (POR),LISBOA,PORTUGAL,31/01/2021,€6.500.000
1,KAIO JORGE,19,ATACANTE,SANTOS,SANTOS,BRASIL,SANTOS,JUVENTUS (ITA),TURIM,ITÁLIA,17/08/2021,€6.800.000
1,ÂNGELO,18,PONTA,SANTOS,SANTOS,BRASIL,SANTOS,CHELSEA (ING),LONDRES,INGLATERRA,16/07/2023,€15.000.000
1,KAIKY,18,ZAGUEIRO,SANTOS,SANTOS,BRASIL,SANTOS,ALMERÍA (ESP),ALMERIA,ESPANHA,19/07/2022,€7.000.000
1,DEIVID WASHINGTON,18,ATACANTE,SANTOS,SANTOS,BRASIL,SANTOS,CHELSEA (ING),LONDRES,INGLATERRA,24/08/2023,€16.000.000
1,GABRIEL PIRANI,21,MEIA,SANTOS,SANTOS,BRASIL,SANTOS,DC UNITED (EUA),WASHINGTON,ESTADOS UNIDOS,01/01/2024,€1.200.000
1,MARCOS LEONARDO,20,ATACANTE,SANTOS,SANTOS,BRASIL,SANTOS,BENFICA (POR),LISBOA,PORTUGAL,04/01/2024,€18.000.000
1,CLAUDINHO,24,MEIA,RED BULL BRAGANTINO,BRAGANÇA PAULISTA,BRASIL,RED BULL BRAGANTINO,ZENIT (RUS),SÃO PETERSBURGO,RÚSSIA,13/08/2021,€12.000.000
1,PEDRINHO,22,PONTA,RED BULL BRAGANTINO,BRAGANÇA PAULISTA,BRASIL,RED BULL BRAGANTINO,LOKOMOTIV (RUS),MOSCOU,RÚSSIA,09/09/2022,€3.500.000
1,DOUGLAS MENDES,19,ZAGUEIRO,RED BULL BRAGANTINO,BRAGANÇA PAULISTA,BRASIL,RED BULL BRAGANTINO,RED BULL SALZBURG (AUS),SALZBURGO,ÁUSTRIA,01/07/2023,€2.000.000
1,NATAN,22,ZAGUEIRO,RED BULL BRAGANTINO,BRAGANÇA PAULISTA,BRASIL,RED BULL BRAGANTINO,NAPOLI (ITA),NÁPOLES,ITÁLIA,07/08/2023,€10.000.000
1,HELINHO,24,PONTA,RED BULL BRAGANTINO,BRAGANÇA PAULISTA,BRASIL,RED BULL BRAGANTINO,TOLUCA (MÉX),TOLUCA,MÉXICO,15/09/2024,€13.500.000
1,BRUNO NASCIMENTO,22,ZAGUEIRO,DESPORTIVO BRASIL,PORTO FELIZ,BRASIL,DESPORTIVO BRASIL,COLÔNIA (ALE),COLÔNIA,ALEMANHA,01/07/2013,€700.000
1,MARQUINHOS CIPRIANO,16,LATERAL,DESPORTIVO BRASIL,PORTO FELIZ,BRASIL,DESPORTIVO BRASIL,SHANDONG (CHN),SHANDONG,CHINA,01/12/2015,
1,MARCOS ANDRÉ,22,ATACANTE,GUARATINGUETÁ,GUARATINGUETÁ,BRASIL,GUARATINGUETÁ,REAL VALLADOLID (ESP),VALLADOLID,ESPANHA,23/07/2019,€500.000
1,LUIZ FELIPE,19,ZAGUEIRO,ITUANO,ITU,BRASIL,ITUANO,LAZIO (ITA),ROMA,ITÁLIA,30/08/2016,€750.000
1,MARCÃO,23,ATACANTE,ITUANO,ITU,BRASIL,ITUANO,GYEONGNAM (COR),CHANGWON,COREIA DO SUL,01/07/2017,€870.000
1,GABRIEL MARTINELLI,18,PONTA,ITUANO,ITU,BRASIL,ITUANO,ARSENAL (ING),LONDRES,INGLATERRA,02/07/2019,€7.100.000
1,LUCAS CUNHA,17,ZAGUEIRO,MIRASSOL,MIRASSOL,BRASIL,MIRASSOL,BRAGA (POR),BRAGA,PORTUGAL,01/07/2014,€200.000
1,FELIPE MICAEL,18,ATACANTE,MIRASSOL,MIRASSOL,BRASIL,MIRASSOL,BEERSCHOT (BEL),ANTUÉRPIA,BÉLGICA,31/01/2020,€75.000
1,RODRIGO FAROFA,18,ATACANTE,NOVORIZONTINO,NOVO HORIZONTE,BRASIL,NOVORIZONTINO,REAL MADRID (ESP),MADRI,ESPANHA,01/07/2018,€1.000.000
1,ALEF,20,VOLANTE,PONTE PRETA,CAMPINAS,BRASIL,PONTE PRETA,BRAGA (POR),BRAGA,PORTUGAL,08/07/2015,€750.000
1,MATHEUS JESUS,20,VOLANTE,PONTE PRETA,CAMPINAS,BRASIL,PONTE PRETA,ESTORIL (POR),ESTORIL,PORTUGAL,01/07/2017,€125.000
1,RAVANELLI,19,MEIA,PONTE PRETA,CAMPINAS,BRASIL,PONTE PRETA,AKMAT GROZNY (RUS),GRÓZNI,RÚSSIA,01/07/2017,€800.000
1,CAMILO,20,MEIA,PONTE PRETA,CAMPINAS,BRASIL,PONTE PRETA,LYON (FRA),LYON,FRANÇA,30/01/2020,€2.000.000
1,BERNARD,20,PONTA,ATLÉTICO-MG,BELO HORIZONTE,BRASIL,ATLÉTICO-MG,SHAKTAR DONETSK (UCR),DONETSK,UCRÂNIA,08/08/2013,€25.000.000
1,JEMERSON,23,ZAGUEIRO,ATLÉTICO-MG,BELO HORIZONTE,BRASIL,ATLÉTICO-MG,MÔNACO (FRA),MÔNACO,FRANÇA,31/01/2016,€11.000.000
1,DOUGLAS SANTOS,22,LATERAL,ATLÉTICO-MG,BELO HORIZONTE,BRASIL,ATLÉTICO-MG,HAMBURGO (ALE),HAMBURGO,ALEMANHA,31/08/2016,€6.500.000
1,MARCO TÚLIO,19,PONTA,ATLÉTICO-MG,BELO HORIZONTE,BRASIL,ATLÉTICO-MG,SPORTING (POR),LISBOA,PORTUGAL,01/07/2018,€900.000
1,BREMER,21,ZAGUEIRO,ATLÉTICO-MG,BELO HORIZONTE,BRASIL,ATLÉTICO-MG,TORINO (ITA),TURIM,ITÁLIA,10/07/2018,€5.800.000
1,EMERSON ROYAL,20,LATERAL,ATLÉTICO-MG,BELO HORIZONTE,BRASIL,ATLÉTICO-MG,BARCELONA (ESP),BARCELONA,ESPANHA,31/01/2019,€12.000.000
1,MARRONY,22,PONTA,ATLÉTICO-MG,BELO HORIZONTE,BRASIL,ATLÉTICO-MG,MIDTJYLLAND (DIN),HERNING,DINAMARCA,20/08/2021,€4.500.000
1,MARQUINHOS,22,PONTA,ATLÉTICO-MG,BELO HORIZONTE,BRASIL,ATLÉTICO-MG,FERENCVÁROS (BUL),BUDAPESTE,BULGÁRIA,14/02/2022,€1.650.000
1,MAÍLTON,24,LATERAL,ATLÉTICO-MG,BELO HORIZONTE,BRASIL,ATLÉTICO-MG,METALIST (UCR),KHARKIV,UCRÂNIA,01/07/2022,€800.000
1,SÁVIO,18,PONTA,ATLÉTICO-MG,BELO HORIZONTE,BRASIL,ATLÉTICO-MG,TROYES (FRA),TROYES,FRANÇA,06/07/2022,€6.500.000
1,NATHAN SILVA,26,ZAGUEIRO,ATLÉTICO-MG,BELO HORIZONTE,BRASIL,ATLÉTICO-MG,UNAM PUMAS (MEX),CIDADE DO MÉXICO,MÉXICO,01/07/2023,€3.650.000
1,SEBÁ,21,PONTA,CRUZEIRO,BELO HORIZONTE,BRASIL,CRUZEIRO,ESTORIL (POR),ESTORIL,PORTUGAL,12/07/2013,€250.000
1,VINÍCIUS ARAÚJO,20,ATACANTE,CRUZEIRO,BELO HORIZONTE,BRASIL,CRUZEIRO,VALENCIA (ESP),VALÊNCIA,ESPANHA,31/01/2014,€3.500.000
1,WALLACE,19,ZAGUEIRO,CRUZEIRO,BELO HORIZONTE,BRASIL,CRUZEIRO,BRAGA (POR),BRAGA,PORTUGAL,01/07/2014,€9.500.000
1,LUCAS SILVA,19,VOLANTE,CRUZEIRO,BELO HORIZONTE,BRASIL,CRUZEIRO,REAL MADRID (ESP),MADRI,ESPANHA,23/01/2015,€13.000.000
1,ANSELMO RAMON,25,ATACANTE,CRUZEIRO,BELO HORIZONTE,BRASIL,CRUZEIRO,GREENTOWN (CHN),HANGZHOU,CHINA,03/02/2015,€2.600.000
1,LÉO BONATINI,21,ATACANTE,CRUZEIRO,BELO HORIZONTE,BRASIL,CRUZEIRO,ESTORIL (POR),ESTORIL,PORTUGAL,16/07/2015,€400.000
1,BRUNO VIANA,18,ZAGUEIRO,CRUZEIRO,BELO HORIZONTE,BRASIL,CRUZEIRO,OLYMPIACOS (GRE),PIREU,GRÉCIA,31/08/2016,€2.000.000
1,RONY,21,ATACANTE,CRUZEIRO,BELO HORIZONTE,BRASIL,CRUZEIRO,ALBIREX NIIGATA (JAP),NIIGATA,JAPÃO,01/01/2017,€3.700.000
1,ALLANO,22,PONTA,CRUZEIRO,BELO HORIZONTE,BRASIL,CRUZEIRO,ESTORIL (POR),ESTORIL,PORTUGAL,07/07/2017,€265.000
1,GABRIEL BRAZÃO,18,GOLEIRO,CRUZEIRO,BELO HORIZONTE,BRASIL,CRUZEIRO,PARMA (ITA),PARMA,ITÁLIA,31/01/2019,€2.600.000
1,MURILO,22,ZAGUEIRO,CRUZEIRO,BELO HORIZONTE,BRASIL,CRUZEIRO,LOKOMOTIV (RUS),MOSCOU,RÚSSIA,01/07/2019,€2.500.000
1,CACÁ,21,ZAGUEIRO,CRUZEIRO,BELO HORIZONTE,BRASIL,CRUZEIRO,TOKUSHIMA VORTIS (JAP),TOKUSHIMA,JAPÃO,14/02/2021,€1.640.000
1,IGOR THIAGO,20,ATACANTE,CRUZEIRO,BELO HORIZONTE,BRASIL,CRUZEIRO,LUDOGORETS (BUL),RAZGRAD,BULGÁRIA,28/02/2022,€1.320.000
1,GEOVANE JESUS,21,LATERAL,CRUZEIRO,BELO HORIZONTE,BRASIL,CRUZEIRO,DALLAS (EUA),DALLAS,ESTADOS UNIDOS,31/01/2023,€1.370.000
1,BRUNO JOSÉ,25,PONTA,CRUZEIRO,BELO HORIZONTE,BRASIL,CRUZEIRO,JÚBILO IWATA (JAP),IWATA,JAPÃO,08/01/2024,€546.000
1,STÊNIO,21,PONTA,CRUZEIRO,BELO HORIZONTE,BRASIL,CRUZEIRO,KARPATY LVIV (UCR),LVIV,UCRÂNIA,10/07/2024,€200.000
1,MATHEUS,22,GOLEIRO,AMÉRICA-MG,BELO HORIZONTE,BRASIL,AMÉRICA-MG,BRAGA (POR),BRAGA,PORTUGAL,01/07/2014,€2.400.000
1,MATHEUSINHO,22,MEIA,AMÉRICA-MG,BELO HORIZONTE,BRASIL,AMÉRICA-MG,JERUSALEM (ISR),JERUSALÉM,ISRAEL,18/09/2020,€650.000
1,ARTHUR,20,LATERAL,AMÉRICA-MG,BELO HORIZONTE,BRASIL,AMÉRICA-MG,BAYER LEVERKUSEN (ALE),LEVERKUSEN,ALEMANHA,01/07/2023,€7.000.000
1,BRENO LEMOS,20,VOLANTE,AMÉRICA-MG,BELO HORIZONTE,BRASIL,AMÉRICA-MG,SHABAB AL-AHLI (EAU),DUBAI,EMIRADOS ÁRABES UNIDOS,15/01/2024,€3.750.000
1,BRUNO NAZÁRIO,18,MEIA,TOMBENSE,TOMBOS,BRASIL,TOMBENSE,HOFFEINHEIM (ALE),HOFFEINHEIM,ALEMANHA,22/08/2013,€1.500.000
1,EVANILSON,20,ATACANTE,TOMBENSE,TOMBOS,BRASIL,TOMBENSE,PORTO (POR),PORTO,PORTUGAL,09/09/2020,€8.800.000
1,NATHAN,19,MEIA,ATHLETICO-PR,CURITIBA,BRASIL,ATHLETICO-PR,CHELSEA (ING),LONDRES,INGLATERRA,01/07/2015,€4.000.000
1,HERNANI,22,VOLANTE,ATHLETICO-PR,CURITIBA,BRASIL,ATHLETICO-PR,ZENIT (RUS),SÃO PETERSBURGO,RÚSSIA,01/01/2017,€8.000.000
1,RIBAMAR,21,ATACANTE,ATHLETICO-PR,CURITIBA,BRASIL,ATHLETICO-PR,PYRAMIDS (EGI),ASSIÚTE,EGITO,01/07/2018,€4.000.000
1,MARCÃO,22,ZAGUEIRO,ATHLETICO-PR,CURITIBA,BRASIL,ATHLETICO-PR,CHAVES (POR),CHAVES,PORTUGAL,04/07/2018,€900.000
1,OTÁVIO,23,VOLANTE,ATHLETICO-PR,CURITIBA,BRASIL,ATHLETICO-PR,BORDEAUX (FRA),BORDEAUX,FRANÇA,07/08/2017,€5.000.000
1,MARCOS GUILHERME,22,PONTA,ATHLETICO-PR,CURITIBA,BRASIL,ATHLETICO-PR,AL-WEHDA (ARA),JEDDAH,ARÁBIA SAUDITA,01/07/2018,€4.000.000
1,SIDCLEY,25,LATERAL,ATHLETICO-PR,CURITIBA,BRASIL,ATHLETICO-PR,DÍNAMO KIEV (UCR),KIEV,UCRÂNIA,10/07/2018,€5.000.000
1,RENAN LODI,21,LATERAL,ATHLETICO-PR,CURITIBA,BRASIL,ATHLETICO-PR,ATLÉTICO MADRID (ESP),MADRI,ESPANHA,07/07/2019,€21.750.000
1,BRUNO GUIMARÃES,22,VOLANTE,ATHLETICO-PR,CURITIBA,BRASIL,ATHLETICO-PR,LYON (FRA),LYON,FRANÇA,30/01/2020,€20.000.000
1,MATHEUS ROSSETTO,23,VOLANTE,ATHLETICO-PR,CURITIBA,BRASIL,ATHLETICO-PR,ATLANTA (EUA),ATLANTA,ESTADOS UNIDOS,03/02/2020,€1.820.000
1,ROBSON BAMBU,22,ZAGUEIRO,ATHLETICO-PR,CURITIBA,BRASIL,ATHLETICO-PR,NICE (FRA),NICE,FRANÇA,01/07/2020,€8.000.000
1,VITINHO,22,PONTA,ATHLETICO-PR,CURITIBA,BRASIL,ATHLETICO-PR,DÍNAMO KIEV (UCR),KIEV,UCRÂNIA,30/08/2021,€6.000.000
1,LUCAS FASSON,21,ZAGUEIRO,ATHLETICO-PR,CURITIBA,BRASIL,ATHLETICO-PR,LOKOMOTIV (RUS),MOSCOU,RÚSSIA,01/07/2022,€3.000.000
1,ABNER,22,LATERAL,ATHLETICO-PR,CURITIBA,BRASIL,ATHLETICO-PR,REAL BETIS (ESP),SEVILLA,ESPANHA,15/01/2023,€7.000.000
1,VITOR ROQUE,19,ATACANTE,ATHLETICO-PR,CURITIBA,BRASIL,ATHLETICO-PR,BARCELONA (ESP),BARCELONA,ESPANHA,01/07/2024,€40.000.000
1,KHELLVEN,22,LATERAL,ATHLETICO-PR,CURITIBA,BRASIL,ATHLETICO-PR,CSKA MOSCOU (RUS),MOSCOU,RÚSSIA,01/09/2023,€4.500.000
1,BENTO,25,GOLEIRO,ATHLETICO-PR,CURITIBA,BRASIL,ATHLETICO-PR,AL-NASSR (ARA),RIYADH,ARÁBIA SAUDITA,18/07/2024,€18.000.000
1,DODÔ,19,LATERAL,CORITIBA,CURITIBA,BRASIL,CORITIBA,SHAKTAR DONETSK (UCR),DONETSK,UCRÂNIA,04/01/2018,€2.000.000
1,GUILHERME PAREDE,24,PONTA,CORITIBA,CURITIBA,BRASIL,CORITIBA,TALLERES (ARG),CÓRDOBA,ARGENTINA,31/01/2020,€600.000
1,YAN COUTO,18,LATERAL,CORITIBA,CURITIBA,BRASIL,CORITIBA,MANCHESTER CITY (ING),MANCHESTER,INGLATERRA,01/07/2020,€6.000.000
1,IGOR JESUS,19,ATACANTE,CORITIBA,CURITIBA,BRASIL,CORITIBA,SHABAB AL-AHLI (EAU),DUBAI,EMIRADOS ÁRABES UNIDOS,02/10/2020,€2.000.000
1,IGOR PAIXÃO,22,PONTA,CORITIBA,CURITIBA,BRASIL,CORITIBA,FEYENOORD (HOL),ROTERDÃ,HOLANDA,17/08/2022,€5.000.000
1,JEAN PEDROSO,20,ZAGUEIRO,CORITIBA,CURITIBA,BRASIL,CORITIBA,KARPATY LVIV (UCR),LVIV,UCRÂNIA,31/07/2024,€500.000
1,LUCAS MINEIRO,25,VOLANTE,CHAPECOENSE,CHAPECÓ,BRASIL,CHAPECOENSE,GIL VICENTE (POR),BARCELOS,PORTUGAL,01/07/2021,€500.000
1,ANTONY,21,PONTA,JOINVILLE,JOINVILLE,BRASIL,JOINVILLE,AROUCA (POR),AROUCA,PORTUGAL,01/07/2023,€60.000
1,GUILHERME BITECO,18,MEIA,GRÊMIO,PORTO ALEGRE,BRASIL,GRÊMIO,HOFFEINHEIM (ALE),HOFFEINHEIM,ALEMANHA,01/01/2013,€1.500.000
1,FERNANDO,21,VOLANTE,GRÊMIO,PORTO ALEGRE,BRASIL,GRÊMIO,SHAKTAR DONETSK (UCR),DONETSK,UCRÂNIA,01/07/2013,€11.000.000
1,WENDELL,20,LATERAL,GRÊMIO,PORTO ALEGRE,BRASIL,GRÊMIO,BAYER LEVERKUSEN (ALE),LEVERKUSEN,ALEMANHA,01/07/2014,€6.500.000
1,ALEX TELLES,21,LATERAL,GRÊMIO,PORTO ALEGRE,BRASIL,GRÊMIO,GALATASARAY (TUR),ISTAMBUL,TURQUIA,23/01/2014,€6.150.000
1,MARCELO HERMES,21,LATERAL,GRÊMIO,PORTO ALEGRE,BRASIL,GRÊMIO,BENFICA (POR),LISBOA,PORTUGAL,04/01/2017,€2.910.000
1,WALACE,21,VOLANTE,GRÊMIO,PORTO ALEGRE,BRASIL,GRÊMIO,HAMBURGO (ALE),HAMBURGO,ALEMANHA,30/01/2017,€9.200.000
1,PEDRO ROCHA,22,PONTA,GRÊMIO,PORTO ALEGRE,BRASIL,GRÊMIO,SPARTAK MOSCOU (RUS),MOSCOU,RÚSSIA,31/08/2017,€12.000.000
1,ARTHUR,21,VOLANTE,GRÊMIO,PORTO ALEGRE,BRASIL,GRÊMIO,BARCELONA (ESP),BARCELONA,ESPANHA,09/07/2018,€31.000.000
1,JAILSON,22,VOLANTE,GRÊMIO,PORTO ALEGRE,BRASIL,GRÊMIO,FENERBAHCE (TUR),ISTAMBUL,TURQUIA,31/08/2018,€4.900.000
1,TETÊ,19,PONTA,GRÊMIO,PORTO ALEGRE,BRASIL,GRÊMIO,SHAKTAR DONETSK (UCR),DONETSK,UCRÂNIA,28/02/2019,€15.000.000
1,LÉO JARDIM,24,GOLEIRO,GRÊMIO,PORTO ALEGRE,BRASIL,GRÊMIO,RIO AVE (POR),VILA DO CONDE,PORTUGAL,01/07/2019,€1.000.000
1,GUILHERME,24,PONTA,GRÊMIO,PORTO ALEGRE,BRASIL,GRÊMIO,AL-FAISALY (ARA),HARMAH,ARÁBIA SAUDITA,08/01/2020,€2.000.000
1,EVERTON CEBOLINHA,24,PONTA,GRÊMIO,PORTO ALEGRE,BRASIL,GRÊMIO,BENFICA (POR),LISBOA,PORTUGAL,14/08/2020,€20.000.000
1,DIEGO ROSA,18,VOLANTE,GRÊMIO,PORTO ALEGRE,BRASIL,GRÊMIO,MANCHESTER CITY (ING),MANCHESTER,INGLATERRA,01/02/2021,€6.000.000
1,LÉO CHÚ,21,PONTA,GRÊMIO,PORTO ALEGRE,BRASIL,GRÊMIO,SEATTLE (EUA),SEATTLE,ESTADOS UNIDOS,05/08/2021,€2.130.000
1,PEPÊ,24,PONTA,GRÊMIO,PORTO ALEGRE,BRASIL,GRÊMIO,PORTO (POR),PORTO,PORTUGAL,01/07/2021,€15.400.000
1,RUAN TRESSOLDI,21,ZAGUEIRO,GRÊMIO,PORTO ALEGRE,BRASIL,GRÊMIO,SASSUOLO (ITA),SASSUOLO,ITÁLIA,11/08/2021,€5.000.000
1,VANDERSON,20,LATERAL,GRÊMIO,PORTO ALEGRE,BRASIL,GRÊMIO,MÔNACO (FRA),MÔNACO,FRANÇA,01/01/2022,€11.000.000
1,MATHEUS HENRIQUE,24,VOLANTE,GRÊMIO,PORTO ALEGRE,BRASIL,GRÊMIO,SASSUOLO (ITA),SASSUOLO,ITÁLIA,01/07/2022,€7.000.000
1,RILDO,22,MEIA,GRÊMIO,PORTO ALEGRE,BRASIL,GRÊMIO,SANTA CLARA (POR),SANTA CLARA,PORTUGAL,25/07/2022,€1.250.000
1,BITELLO,23,MEIA,GRÊMIO,PORTO ALEGRE,BRASIL,GRÊMIO,DÍNAMO MOSCOU (RUS),MOSCOU,RÚSSIA,14/09/2023,€10.000.000
1,RODRIGUES,26,ZAGUEIRO,GRÊMIO,PORTO ALEGRE,BRASIL,GRÊMIO,SAN JOSÉ EARTHQUAKES,SAN JOSÉ,ESTADOS UNIDOS,31/01/2024,€635.000
1,FRED,20,VOLANTE,INTERNACIONAL,PORTO ALEGRE,BRASIL,INTERNACIONAL,SHAKTAR DONETSK (UCR),DONETSK,UCRÂNIA,01/07/2013,€15.000.000
1,GILBERTO,24,ATACANTE,INTERNACIONAL,PORTO ALEGRE,BRASIL,INTERNACIONAL,TORONTO (CAN),TORONTO,CANADÁ,01/01/2014,€2.700.000
1,OTÁVIO,19,MEIA,INTERNACIONAL,PORTO ALEGRE,BRASIL,INTERNACIONAL,PORTO (POR),PORTO,PORTUGAL,01/09/2014,€2.500.000
1,ALLAN,18,VOLANTE,INTERNACIONAL,PORTO ALEGRE,BRASIL,INTERNACIONAL,LIVERPOOL (ING),LIVERPOOL,INGLATERRA,01/05/2015,€700.000
1,ROGÉRIO,18,LATERAL,INTERNACIONAL,PORTO ALEGRE,BRASIL,INTERNACIONAL,SASSUOLO (ITA),SASSUOLO,ITÁLIA,01/02/2016,€2.450.000
1,ALISSON,23,GOLEIRO,INTERNACIONAL,PORTO ALEGRE,BRASIL,INTERNACIONAL,ROMA (ITA),ROMA,ITÁLIA,06/07/2016,€8.000.000
1,WILLIAM,22,LATERAL,INTERNACIONAL,PORTO ALEGRE,BRASIL,INTERNACIONAL,WOLFSBURG (ALE),WOLFSBURG,ALEMANHA,01/07/2017,€5.000.000
1,IAGO,22,LATERAL,INTERNACIONAL,PORTO ALEGRE,BRASIL,INTERNACIONAL,AUGSBURGO (ALE),HAMBURGO,ALEMANHA,01/07/2019,€6.500.000
1,MARCINHO,24,PONTA,INTERNACIONAL,PORTO ALEGRE,BRASIL,INTERNACIONAL,DANGDAI (CHN),CHONGQING,CHINA,20/07/2019,€1.000.000
1,JUAN ALANO,23,MEIA,INTERNACIONAL,PORTO ALEGRE,BRASIL,INTERNACIONAL,KASHIMA ANTLERS (JAP),KASHIMA,JAPÃO,04/01/2020,€1.350.000
1,BRUNO FUCHS,21,ZAGUEIRO,INTERNACIONAL,PORTO ALEGRE,BRASIL,INTERNACIONAL,CSKA MOSCOU (RUS),MOSCOU,RÚSSIA,24/08/2020,€8.000.000
1,VINICIUS MELLO,19,ATACANTE,INTERNACIONAL,PORTO ALEGRE,BRASIL,INTERNACIONAL,CHARLOTTE (EUA),CHARLOTTE,ESTADOS UNIDOS,01/01/2022,€1.640.000
1,GUILHERME PATO,20,PONTA,INTERNACIONAL,PORTO ALEGRE,BRASIL,INTERNACIONAL,NEFTCHI BAKU (AZE),BAKU,AZERBAIJÃO,11/01/2022,€90.000
1,VINÍCIUS TOBIAS,18,LATERAL,INTERNACIONAL,PORTO ALEGRE,BRASIL,INTERNACIONAL,SHAKTAR DONETSK (UCR),DONETSK,UCRÂNIA,16/01/2022,€6.000.000
1,YURI ALBERTO,20,ATACANTE,INTERNACIONAL,PORTO ALEGRE,BRASIL,INTERNACIONAL,ZENIT (RUS),SÃO PETERSBURGO,RÚSSIA,31/01/2022,€25.000.000
1,PEDRO HENRIQUE,21,ZAGUEIRO,INTERNACIONAL,PORTO ALEGRE,BRASIL,INTERNACIONAL,LUDOGORETS (BUL),RAZGRAD,BULGÁRIA,28/08/2022,€900.000
1,NONATO,24,MEIA,INTERNACIONAL,PORTO ALEGRE,BRASIL,INTERNACIONAL,LUDOGORETS (BUL),RAZGRAD,BULGÁRIA,02/09/2022,€1.700.000
1,CAIO VIDAL,22,PONTA,INTERNACIONAL,PORTO ALEGRE,BRASIL,INTERNACIONAL,LUDOGORETS (BUL),RAZGRAD,BULGÁRIA,19/02/2023,€1.600.000
1,JOHNNY CARDOSO,22,VOLANTE,INTERNACIONAL,PORTO ALEGRE,BRASIL,INTERNACIONAL,REAL BETIS (ESP),SEVILLA,ESPANHA,01/01/2024,€6.000.000
1,PEDRO HENRIQUE,21,PONTA,CAXIAS,CAXIAS DO SUL,BRASIL,CAXIAS,ZURICH (SUI),ZURICH,SUÍÇA,23/01/2012,€100.000
1,LUIS HENRIQUE,18,PONTA,TRÊS PASSOS,TRÊS PASSOS,BRASIL,TRÊS PASSOS,OLYMPIQUE MARSEILLE (FRA),MARSEILLE,FRANÇA,25/09/2020,€8.000.000
1,ANDERSON TALISCA,20,MEIA,BAHIA,SALVADOR,BRASIL,BAHIA,BENFICA (POR),LISBOA,PORTUGAL,05/07/2014,€4.750.000
1,BRUNO PAULISTA,20,VOLANTE,BAHIA,SALVADOR,BRASIL,BAHIA,SPORTING (POR),LISBOA,PORTUGAL,01/07/2016,€3.500.000
1,MATEUS,22,PONTA,BAHIA,SALVADOR,BRASIL,BAHIA,OMIYA ARDIJA (JAP),SAITAMA,JAPÃO,01/02/2017,€443.000
1,RÔMULO,22,VOLANTE,BAHIA,SALVADOR,BRASIL,BAHIA,BUSAN IPARK (COR),BUSAN,COREIA DO SUL,08/01/2018,€255.000
1,JÚNIOR BRUMADO,19,ATACANTE,BAHIA,SALVADOR,BRASIL,BAHIA,MIDTJYLLAND (DIN),HERNING,DINAMARCA,31/01/2019,€2.250.000
1,LUIS FERNANDO,21,VOLANTE,BAHIA,SALVADOR,BRASIL,BAHIA,NAESTVED BK (DIN),NAESTVED,DINAMARCA,06/07/2019,€165.000
1,RODRIGO BECÃO,23,ZAGUEIRO,BAHIA,SALVADOR,BRASIL,BAHIA,UDINESE (ITA),ÚDINE,ITÁLIA,06/07/2019,€1.600.000
1,FLÁVIO,24,VOLANTE,BAHIA,SALVADOR,BRASIL,BAHIA,TRABZONSPOR (TUR),TREBIZONDA,TURQUIA,24/08/2020,€1.200.000
1,CAIQUE,20,ATACANTE,BAHIA,SALVADOR,BRASIL,BAHIA,AL-NASR SC (EAU),DUBAI,EMIRADOS ÁRABES UNIDOS,10/09/2020,€475.000
1,THIAGO ANDRADE,20,PONTA,BAHIA,SALVADOR,BRASIL,BAHIA,NEW YORK CITY (EUA),NOVA IORQUE,ESTADOS UNIDOS,10/04/2021,€1.600.000
1,MATHEUS SALDANHA,22,ATACANTE,BAHIA,SALVADOR,BRASIL,BAHIA,JEF UNITED CHIBA (JAP),CHIBA,JAPÃO,09/01/2022,€400.000
1,GABRIEL PAULISTA,22,ZAGUEIRO,VITÓRIA,SALVADOR,BRASIL,VITÓRIA,VILLARREAL (ESP),VILLARREAL,ESPANHA,21/08/2013,€3.300.000
1,MARCELO SANTOS,22,VOLANTE,VITÓRIA,SALVADOR,BRASIL,VITÓRIA,MACCABI TEL AVIV (ISR),TEL AVIV,ISRAEL,29/01/2017,€1.200.000
1,LUCAS RIBEIRO,20,ZAGUEIRO,VITÓRIA,SALVADOR,BRASIL,VITÓRIA,HOFFEINHEIM (ALE),HOFFEINHEIM,ALEMANHA,28/01/2019,€3.000.000
1,DAVID DA HORA,22,PONTA,VITÓRIA,SALVADOR,BRASIL,VITÓRIA,METALIST (UCR),KHARKIV,UCRÂNIA,06/02/2022,€1.200.000
1,RÔMULLO,20,MEIA,CEARÁ,FORTALEZA,BRASIL,CEARÁ,JAGIELLONIA (POL),BIALYSTOK,POLÔNIA,22/01/2013,€15.000
1,RICK,22,PONTA,CEARÁ,FORTALEZA,BRASIL,CEARÁ,LUDOGORETS (BUL),RAZGRAD,BULGÁRIA,01/01/2022,€748.000
1,PEDRO NARESSI,24,VOLANTE,CEARÁ,FORTALEZA,BRASIL,CEARÁ,LUDOGORETS (BUL),RAZGRAD,BULGÁRIA,02/09/2022,€750.000
1,DOUGLAS SANTOS,19,LATERAL,NÁUTICO,RECIFE,BRASIL,NÁUTICO,GRANADA (ESP),GRANADA,ESPANHA,08/07/2013,€2.300.000
1,ERICK,19,PONTA,NÁUTICO,RECIFE,BRASIL,NÁUTICO,BRAGA (POR),BRAGA,PORTUGAL,21/08/2017,€650.000
1,LUIZ HENRIQUE,22,MEIA,NÁUTICO,RECIFE,BRASIL,NÁUTICO,MOREIRENSE (POR),MOREIRA DE CÓNEGOS,PORTUGAL,11/07/2019,€250.000
1,JOELINTON,18,ATACANTE,SPORT,RECIFE,BRASIL,SPORT,HOFFEINHEIM (ALE),HOFFEINHEIM,ALEMANHA,01/07/2015,€2.200.000
1,GUSTAVO,19,MEIA,SPORT,RECIFE,BRASIL,SPORT,SHABAB AL-AHLI (EAU),DUBAI,EMIRADOS ÁRABES UNIDOS,31/01/2022,€2.200.000
1,MIKAEL,23,ATACANTE,SPORT,RECIFE,BRASIL,SPORT,SALERNITANA (ITA),SALERNO,ITÁLIA,01/07/2022,€2.000.000
1,MAILSON,25,GOLEIRO,SPORT,RECIFE,BRASIL,SPORT,AL-TAAWOUN (ARA),BURAIDA,ARÁBIA SAUDITA,22/07/2022,€500.000
1,PEDRO LIMA,18,LATERAL,SPORT,RECIFE,BRASIL,SPORT,WOLVERHAMPTON (ING),WOLVERHAMPTON,INGLATERRA,01/07/2024,€10.000.000
1,MARLON,25,PONTA,PORTO-PE,CARUARU,BRASIL,PAYSANDU,GIL VICENTE (POR),BARCELOS,PORTUGAL,01/01/2023,€350.000
1,FÁBIO LIMA,21,MEIA,ATLÉTICO-GO,GOIÂNIA,BRASIL,ATLÉTICO-GO,AL-WASL (EAU),DUBAI,EMIRADOS ÁRABES UNIDOS,01/01/2015,€232.000
1,JUNIOR BRANDÃO,23,ATACANTE,ATLÉTICO-GO,GOIÂNIA,BRASIL,ATLÉTICO-GO,LUDOGORETS (BUL),RAZGRAD,BULGÁRIA,23/08/2018,€1.500.000
1,CARLOS EDUARDO,21,PONTA,GOIÁS,GOIÂNIA,BRASIL,GOIÁS,PYRAMIDS (EGI),ASSIÚTE,EGITO,01/07/2018,€5.000.000
1,PABLO ROBERTO,23,VOLANTE,VILA NOVA,GOIÂNIA,BRASIL,VILA NOVA,CASA PIA (POR),LISBOA,PORTUGAL,30/07/2023,€225.000
1,RIKELME,21,LATERAL,CUIABÁ,CUIABÁ,BRASIL,CUIABÁ,SHABAB AL-AHLI (EAU),DUBAI,EMIRADOS ÁRABES UNIDOS,07/08/2024,€2.750.000
1,IVO PINTO,23,LATERAL,RIO AVE (POR),VILA DO CONDE,PORTUGAL,RIO AVE (POR),DINAMO ZAGREB (CRO),ZAGREB,CROÁCIA,09/07/2013,€1.000.000
1,DIEGO LOPES,21,MEIA,RIO AVE (POR),VILA DO CONDE,PORTUGAL,RIO AVE (POR),BENFICA (POR),LISBOA,PORTUGAL,01/07/2015,€100.000
1,ESMAËL GONÇALVES,24,ATACANTE,RIO AVE (POR),VILA DO CONDE,PORTUGAL,RIO AVE (POR),ANORTHOSIS (CHP),FAMAGUSTA,CHIPRE,01/07/2015,€200.000
1,EDERSON,21,GOLEIRO,RIO AVE (POR),VILA DO CONDE,PORTUGAL,RIO AVE (POR),BENFICA (POR),LISBOA,PORTUGAL,01/07/2015,€500.000
1,AHMED HASSAN,22,ATACANTE,RIO AVE (POR),VILA DO CONDE,PORTUGAL,RIO AVE (POR),BRAGA (POR),BRAGA,PORTUGAL,26/08/2015,€700.000
1,FABINHO,21,VOLANTE,RIO AVE (POR),VILA DO CONDE,PORTUGAL,RIO AVE (POR),MÔNACO (FRA),MÔNACO,FRANÇA,01/07/2015,€6.000.000
1,FILIPE AUGUSTO,23,VOLANTE,RIO AVE (POR),VILA DO CONDE,PORTUGAL,RIO AVE (POR),BENFICA (POR),LISBOA,PORTUGAL,31/07/2017,€2.000.000
1,FILIP KROVINOVIC,21,VOLANTE,RIO AVE (POR),VILA DO CONDE,PORTUGAL,RIO AVE (POR),BENFICA (POR),LISBOA,PORTUGAL,01/07/2017,€3.500.000
1,JOÃO NOVAIS,24,VOLANTE,RIO AVE (POR),VILA DO CONDE,PORTUGAL,RIO AVE (POR),BRAGA (POR),BRAGA,PORTUGAL,01/07/2018,€1.500.000
1,LÉO JARDIM,24,GOLEIRO,RIO AVE (POR),VILA DO CONDE,PORTUGAL,RIO AVE (POR),LILLE (FRA),LILLE,FRANÇA,12/07/2019,€6.000.000
1,NUNO SANTOS,25,PONTA,RIO AVE (POR),VILA DO CONDE,PORTUGAL,RIO AVE (POR),SPORTING (POR),LISBOA,PORTUGAL,21/08/2020,€4.150.000
1,TONI BOREVKOVIC,24,ZAGUEIRO,RIO AVE (POR),VILA DO CONDE,PORTUGAL,RIO AVE (POR),VITÓRIA DE GUIMARÃES (POR),GUIMARÃES,PORTUGAL,07/07/2021,€1.200.000
1,PEDRO AMARAL,25,LATERAL,RIO AVE (POR),VILA DO CONDE,PORTUGAL,RIO AVE (POR),AL-KHALEEJ,JEDDAH,ARÁBIA SAUDITA,19/01/2023,€1.000.000
1,COSTINHA,24,LATERAL,RIO AVE (POR),VILA DO CONDE,PORTUGAL,RIO AVE (POR),OLYMPIACOS (GRE),PIREU,GRÉCIA,09/07/2024,€2.500.000
1,MARQUINHOS,18,ZAGUEIRO,CORINTHIANS,SÃO PAULO,BRASIL,CORINTHIANS,ROMA (ITA),ROMA,ITÁLIA,03/01/2013,€5.700.000
1,EDENILSON,24,VOLANTE,CORINTHIANS,SÃO PAULO,BRASIL,CORINTHIANS,UDINESE (ITA),ÚDINE,ITÁLIA,01/07/2014,€3.500.000
1,GUILHERME,23,VOLANTE,CORINTHIANS,SÃO PAULO,BRASIL,CORINTHIANS,UDINESE (ITA),ÚDINE,ITÁLIA,18/07/2014,€4.500.000
1,MATHEUS CASSINI,19,MEIA,CORINTHIANS,SÃO PAULO,BRASIL,CORINTHIANS,PALERMO (ITA),PALERMO,ITÁLIA,01/07/2015,€1.500.000
1,MALCOM,18,PONTA,CORINTHIANS,SÃO PAULO,BRASIL,CORINTHIANS,BORDEAUX (FRA),BORDEAUX,FRANÇA,31/01/2016,€5.000.000
1,MATHEUS PEREIRA,18,MEIA,CORINTHIANS,SÃO PAULO,BRASIL,CORINTHIANS,EMPOLI (ITA),EMPOLI,ITÁLIA,01/07/2016,€2.000.000
1,LÉO JABÁ,18,PONTA,CORINTHIANS,SÃO PAULO,BRASIL,CORINTHIANS,AKHMAT GROZNY (RUS),GRÓZNI,RÚSSIA,01/07/2017,€2.000.000
1,GUILHERME ARANA,20,LATERAL,CORINTHIANS,SÃO PAULO,BRASIL,CORINTHIANS,SEVILLA (ESP),SEVILLA,ESPANHA,01/01/2018,€11.000.000
1,MAYCON,20,VOLANTE,CORINTHIANS,SÃO PAULO,BRASIL,CORINTHIANS,SHAKTAR DONETSK (UCR),DONETSK,UCRÂNIA,01/07/2018,€6.600.000
1,DOUGLAS AUGUSTO,22,VOLANTE,CORINTHIANS,SÃO PAULO,BRASIL,CORINTHIANS,PAOK (GRE),SALONICA,GRÉCIA,01/07/2019,€3.000.000
1,PEDRINHO,22,PONTA,CORINTHIANS,SÃO PAULO,BRASIL,CORINTHIANS,BENFICA (POR),LISBOA,PORTUGAL,01/08/2020,€18.000.000
1,CARLOS AUGUSTO,21,LATERAL,CORINTHIANS,SÃO PAULO,BRASIL,CORINTHIANS,MONZA (ITA),MONZA,ITÁLIA,01/09/2020,€4.200.000
1,ÉDERSON,22,VOLANTE,CORINTHIANS,SÃO PAULO,BRASIL,CORINTHIANS,SALERNITANA (ITA),SALERNO,ITÁLIA,30/01/2022,€6.500.000
1,GABRIEL PEREIRA,20,PONTA,CORINTHIANS,SÃO PAULO,BRASIL,CORINTHIANS,NEW YORK CITY (EUA),NOVA IORQUE,ESTADOS UNIDOS,17/03/2022,€5.000.000
1,JOÃO VICTOR,23,ZAGUEIRO,CORINTHIANS,SÃO PAULO,BRASIL,CORINTHIANS,BENFICA (POR),LISBOA,PORTUGAL,07/07/2022,€9.500.000
1,GUSTAVO MANTUAN,22,PONTA,CORINTHIANS,SÃO PAULO,BRASIL,CORINTHIANS,ZENIT (RUS),SÃO PETERSBURGO,RÚSSIA,01/07/2023,€3.000.000
1,ADSON,22,MEIA,CORINTHIANS,SÃO PAULO,BRASIL,CORINTHIANS,NANTES (FRA),NANTES,FRANÇA,23/08/2023,€5.000.000
1,MURILLO,21,ZAGUEIRO,CORINTHIANS,SÃO PAULO,BRASIL,CORINTHIANS,NOTTINGHAM FOREST (ING),NOTTINGHAM,INGLATERRA,31/08/2023,€12.000.000
1,FELIPE AUGUSTO,19,ATACANTE,CORINTHIANS,SÃO PAULO,BRASIL,CORINTHIANS,CERCLE BRÜGGE (BEL),BRÜGGE,BÉLGICA,06/01/2024,€3.000.000
1,GABRIEL MOSCARDO,18,VOLANTE,CORINTHIANS,SÃO PAULO,BRASIL,CORINTHIANS,PSG (FRA),PARIS,FRANÇA,25/01/2024,€20.000.000
1,PEDRO,18,PONTA,CORINTHIANS,SÃO PAULO,BRASIL,CORINTHIANS,ZENIT (RUS),SÃO PETERSBURGO,RÚSSIA,05/02/2024,€9.000.000
1,RAUL GUSTAVO,25,ZAGUEIRO,CORINTHIANS,SÃO PAULO,BRASIL,CORINTHIANS,FARENCVÁROS (HUN),BUDAPESTE,HUNGRIA,01/07/2024,€180.000
1,CARLOS MIGUEL,25,GOLEIRO,CORINTHIANS,SÃO PAULO,BRASIL,CORINTHIANS,NOTTINGHAM FOREST (ING),NOTTINGHAM,INGLATERRA,09/07/2024,€4.000.000
1,LUÍS FELIPE,23,LATERAL,PALMEIRAS,SÃO PAULO,BRASIL,PALMEIRAS,BENFICA (POR),LISBOA,PORTUGAL,01/07/2014,€2.000.000
1,GABRIEL JESUS,19,ATACANTE,PALMEIRAS,SÃO PAULO,BRASIL,PALMEIRAS,MANCHESTER CITY (ING),MANCHESTER,INGLATERRA,01/01/2017,€32.000.000
1,LEANDRO,24,PONTA,PALMEIRAS,SÃO PAULO,BRASIL,PALMEIRAS,KASHIMA ANTLERS (JAP),KASHIMA,JAPÃO,06/01/2018,€1.000.000
1,FERNANDO,19,ATACANTE,PALMEIRAS,SÃO PAULO,BRASIL,PALMEIRAS,SHAKTAR DONETSK (UCR),DONETSK,UCRÂNIA,01/07/2018,€5.500.000
1,JOÃO PEDRO,21,LATERAL,PALMEIRAS,SÃO PAULO,BRASIL,PALMEIRAS,PORTO (POR),PORTO,PORTUGAL,01/07/2018,€4.000.000
1,DANIEL FUZATO,21,GOLEIRO,PALMEIRAS,SÃO PAULO,BRASIL,PALMEIRAS,ROMA (ITA),ROMA,ITÁLIA,09/07/2018,€500.000
1,RÓGER GUEDES,21,PONTA,PALMEIRAS,SÃO PAULO,BRASIL,PALMEIRAS,SHANDONG (CHN),SHANDONG,CHINA,13/07/2018,€9.500.000
1,LUAN CÂNDIDO,18,LATERAL,PALMEIRAS,SÃO PAULO,BRASIL,PALMEIRAS,RB LEIPZIG (ALE),LEIPZIG,ALEMANHA,01/07/2019,€8.000.000
1,VITÃO,19,ZAGUEIRO,PALMEIRAS,SÃO PAULO,BRASIL,PALMEIRAS,SHAKTAR DONETSK (UCR),DONETSK,UCRÂNIA,01/09/2019,€4.000.000
1,GEOVANE JESUS,18,LATERAL,PALMEIRAS,SÃO PAULO,BRASIL,PALMEIRAS,ALVERCA (POR),ALVERCA DO RIBATEJO,PORTUGAL,01/01/2020,
1,MATHEUS FERNANDES,21,VOLANTE,PALMEIRAS,SÃO PAULO,BRASIL,PALMEIRAS,BARCELONA (ESP),BARCELONA,ESPANHA,30/01/2020,€7.000.000
1,THIAGO MARTINS,24,ZAGUEIRO,PALMEIRAS,SÃO PAULO,BRASIL,PALMEIRAS,YOKOHAMA (JAP),YOKOHAMA,JAPÃO,01/02/2020,€1.800.000
1,ARTHUR CABRAL,22,ATACANTE,PALMEIRAS,SÃO PAULO,BRASIL,PALMEIRAS,BASEL (SUI),BASILEIA,SUÍÇA,01/07/2020,€6.000.000
1,EMERSON SANTOS,25,ZAGUEIRO,PALMEIRAS,SÃO PAULO,BRASIL,PALMEIRAS,KASHIWA REYSOL (JAP),CHIBA,JAPÃO,12/03/2021,€1.500.000
1,PEDRÃO,24,ZAGUEIRO,PALMEIRAS,SÃO PAULO,BRASIL,PALMEIRAS,PORTIMONENSE (POR),PORTIMÃO,PORTUGAL,01/02/2022,€800.000
1,GABRIEL VERON,19,PONTA,PALMEIRAS,SÃO PAULO,BRASIL,PALMEIRAS,PORTO (POR),PORTO,PORTUGAL,22/07/2022,€10.250.000
1,YAN,23,PONTA,PALMEIRAS,SÃO PAULO,BRASIL,PALMEIRAS,YOKOHAMA (JAP),YOKOHAMA,JAPÃO,09/08/2022,€1.500.000
1,DANILO,21,VOLANTE,PALMEIRAS,SÃO PAULO,BRASIL,PALMEIRAS,NOTTINGHAM FOREST (ING),NOTTINGHAM,INGLATERRA,16/01/2023,€20.000.000
1,GIOVANI,18,PONTA,PALMEIRAS,SÃO PAULO,BRASIL,PALMEIRAS,AL-SADD (CAT),DOHA,CATAR,01/07/2023,€9.000.000
1,GABRIEL SILVA,21,PONTA,PALMEIRAS,SÃO PAULO,BRASIL,PALMEIRAS,SANTA CLARA (POR),SANTA CLARA,PORTUGAL,01/08/2023,€1.500.000
1,KEVIN,21,PONTA,PALMEIRAS,SÃO PAULO,BRASIL,PALMEIRAS,SHAKTAR DONETSK (UCR),DONETSK,UCRÂNIA,19/01/2024,€12.000.000
1,LUIS GUILHERME,18,PONTA,PALMEIRAS,SÃO PAULO,BRASIL,PALMEIRAS,WEST HAM (ING),LONDRES,INGLATERRA,01/07/2024,€23.000.000
1,RAFAEL NAVARRO,24,ATACANTE,PALMEIRAS,SÃO PAULO,BRASIL,PALMEIRAS,COLORADO (EUA),COLORADO,ESTADOS UNIDOS,01/07/2024,€4.500.000
1,ENDRICK,18,ATACANTE,PALMEIRAS,SÃO PAULO,BRASIL,PALMEIRAS,REAL MADRID (ESP),MADRI,ESPANHA,21/07/2024,€47.500.000
1,ESTÊVÃO,18,PONTA,PALMEIRAS,SÃO PAULO,BRASIL,PALMEIRAS,CHELSEA (ING),LONDRES,INGLATERRA,01/07/2025,€34.000.000
1,CASEMIRO,21,VOLANTE,SÃO PAULO,SÃO PAULO,BRASIL,SÃO PAULO,REAL MADRID (ESP),MADRI,ESPANHA,01/07/2013,€6.000.000
1,LUCAS EVANGELISTA,19,VOLANTE,SÃO PAULO,SÃO PAULO,BRASIL,SÃO PAULO,UDINESE (ITA),ÚDINE,ITÁLIA,30/08/2014,€4.000.000
1,BOSCHILIA,19,MEIA,SÃO PAULO,SÃO PAULO,BRASIL,SÃO PAULO,MÔNACO (FRA),MÔNACO,FRANÇA,10/08/2015,€9.000.000
1,RAFAEL TOLÓI,24,ZAGUEIRO,SÃO PAULO,SÃO PAULO,BRASIL,SÃO PAULO,ATALANTA (ITA),BERGAMO,ITÁLIA,26/08/2015,€3.870.000
1,INÁCIO,20,LATERAL,SÃO PAULO,SÃO PAULO,BRASIL,SÃO PAULO,PORTO (POR),PORTO,PORTUGAL,04/07/2016,€3.000.000
1,EWANDRO COSTA,20,ATACANTE,SÃO PAULO,SÃO PAULO,BRASIL,SÃO PAULO,UDINESE (ITA),ÚDINE,ITÁLIA,06/07/2016,€3.000.000
1,ADEMILSON,23,ATACANTE,SÃO PAULO,SÃO PAULO,BRASIL,SÃO PAULO,GAMBA OSAKA (JAP),OSAKA,JAPÃO,01/01/2017,€2.990.000
1,AUGUSTO GALVAN,18,MEIA,SÃO PAULO,SÃO PAULO,BRASIL,SÃO PAULO,REAL MADRID (ESP),MADRI,ESPANHA,01/07/2017,€3.000.000
1,LYANCO,20,ZAGUEIRO,SÃO PAULO,SÃO PAULO,BRASIL,SÃO PAULO,TORINO (ITA),TURIM,ITÁLIA,01/07/2017,€7.750.000
1,LUIZ ARAÚJO,21,PONTA,SÃO PAULO,SÃO PAULO,BRASIL,SÃO PAULO,LILLE (FRA),LILLE,FRANÇA,01/07/2017,€10.500.000
1,THIAGO MENDES,25,VOLANTE,SÃO PAULO,SÃO PAULO,BRASIL,SÃO PAULO,LILLE (FRA),LILLE,FRANÇA,01/07/2017,€9.000.000
1,DAVID NERES,19,PONTA,SÃO PAULO,SÃO PAULO,BRASIL,SÃO PAULO,AJAX (HOL),AMSTERDÃ,HOLANDA,31/01/2017,€17.400.000
1,LUIZÃO,19,VOLANTE,SÃO PAULO,SÃO PAULO,BRASIL,SÃO PAULO,PORTO (POR),PORTO,PORTUGAL,01/07/2017,€3.000.000
1,ARTUR,21,VOLANTE,SÃO PAULO,SÃO PAULO,BRASIL,SÃO PAULO,COLUMBUS CREW (EUA),COLUMBUS,ESTADOS UNIDOS,01/01/2018,€1.270.000
1,MARQUINHOS CIPRIANO,19,LATERAL,SÃO PAULO,SÃO PAULO,BRASIL,SÃO PAULO,SHAKTAR DONETSK (UCR),DONETSK,UCRÂNIA,10/07/2018,€1.000.000
1,ÉDER MILITÃO,20,ZAGUEIRO,SÃO PAULO,SÃO PAULO,BRASIL,SÃO PAULO,PORTO (POR),PORTO,PORTUGAL,07/08/2018,€7.000.000
1,AURO,22,LATERAL,SÃO PAULO,SÃO PAULO,BRASIL,SÃO PAULO,TORONTO (CAN),TORONTO,CANADÁ,01/01/2019,€650.000
1,LUCAS FERNANDES,21,MEIA,SÃO PAULO,SÃO PAULO,BRASIL,SÃO PAULO,PORTIMONENSE (POR),PORTIMÃO,PORTUGAL,16/08/2019,€2.200.000
1,ANTONY,20,PONTA,SÃO PAULO,SÃO PAULO,BRASIL,SÃO PAULO,AJAX (HOL),AMSTERDÃ,HOLANDA,01/07/2020,€15.750.000
1,GUSTAVO MAIA,19,PONTA,SÃO PAULO,SÃO PAULO,BRASIL,SÃO PAULO,BARCELONA (ESP),BARCELONA,ESPANHA,06/08/2020,€4.500.000
1,BRENNER,21,ATACANTE,SÃO PAULO,SÃO PAULO,BRASIL,SÃO PAULO,CINCINNATI (EUA),CINCINNATI,ESTADOS UNIDOS,05/02/2021,€11.820.000
1,MORATO,20,ZAGUEIRO,SÃO PAULO,SÃO PAULO,BRASIL,SÃO PAULO,BENFICA (POR),LISBOA,PORTUGAL,01/07/2021,€7.600.000
1,PAULINHO BÓIA,23,PONTA,SÃO PAULO,SÃO PAULO,BRASIL,SÃO PAULO,METALIST (UCR),KHARKIV,UCRÂNIA,01/01/2022,€1.600.000
1,MARQUINHOS,19,PONTA,SÃO PAULO,SÃO PAULO,BRASIL,SÃO PAULO,ARSENAL (ING),LONDRES,INGLATERRA,01/07/2022,€3.500.000
1,GABRIEL SARA,23,MEIA,SÃO PAULO,SÃO PAULO,BRASIL,SÃO PAULO,NORWICH (ING),NORWICH,INGLATERRA,15/07/2022,€10.500.000
1,NEWERTON,18,PONTA,SÃO PAULO,SÃO PAULO,BRASIL,SÃO PAULO,SHAKTAR DONETSK (UCR),DONETSK,UCRÂNIA,21/07/2023,€3.600.000
1,LUCAS BERALDO,20,ZAGUEIRO,SÃO PAULO,SÃO PAULO,BRASIL,SÃO PAULO,PSG (FRA),PARIS,FRANÇA,01/01/2024,€20.000.000
1,TALLES COSTA,21,VOLANTE,SÃO PAULO,SÃO PAULO,BRASIL,SÃO PAULO,POLISSYA (UCR),ZHYTOMYR,UCRÂNIA,04/02/2024,€1.000.000
1,CAIO RANGEL,18,PONTA,FLAMENGO,RIO DE JANEIRO,BRASIL,FLAMENGO,CAGLIARI (ITA),CAGLIARI,ITÁLIA,11/07/2014,€2.650.000
1,SAMIR,21,ZAGUEIRO,FLAMENGO,RIO DE JANEIRO,BRASIL,FLAMENGO,UDINESE (ITA),ÚDINE,ITÁLIA,13/01/2016,€4.000.000
1,JORGE,20,LATERAL,FLAMENGO,RIO DE JANEIRO,BRASIL,FLAMENGO,MÔNACO (FRA),MÔNACO,FRANÇA,31/01/2017,€8.500.000
1,FELIPE VIZEU,21,ATACANTE,FLAMENGO,RIO DE JANEIRO,BRASIL,FLAMENGO,UDINESE (ITA),ÚDINE,ITÁLIA,01/07/2018,€5.000.000
1,VINICIUS JUNIOR,18,PONTA,FLAMENGO,RIO DE JANEIRO,BRASIL,FLAMENGO,REAL MADRID (ESP),MADRI,ESPANHA,12/07/2018,€45.000.000
1,REINIER,18,MEIA,FLAMENGO,RIO DE JANEIRO,BRASIL,FLAMENGO,REAL MADRID (ESP),MADRI,ESPANHA,20/01/2020,€30.000.000
1,LUCAS PAQUETÁ,21,MEIA,FLAMENGO,RIO DE JANEIRO,BRASIL,FLAMENGO,MILAN (ITA),MILÃO,ITÁLIA,03/01/2019,€38.400.000
1,JEAN LUCAS,21,VOLANTE,FLAMENGO,RIO DE JANEIRO,BRASIL,FLAMENGO,LYON (FRA),LYON,FRANÇA,01/07/2019,€8.000.000
1,LÉO DUARTE,23,ZAGUEIRO,FLAMENGO,RIO DE JANEIRO,BRASIL,FLAMENGO,MILAN (ITA),MILÃO,ITÁLIA,07/08/2019,€10.600.000
1,MATHEUS SÁVIO,22,MEIA,FLAMENGO,RIO DE JANEIRO,BRASIL,FLAMENGO,KASHIWA REYSOL (JAP),CHIBA,JAPÃO,04/01/2020,€1.000.000
1,CAIO ROQUE,18,LATERAL,FLAMENGO,RIO DE JANEIRO,BRASIL,FLAMENGO,LOMMEL SK (BEL),LOMMEL,BÉLGICA,13/09/2020,€1.500.000
1,VINICIUS SOUZA,21,VOLANTE,FLAMENGO,RIO DE JANEIRO,BRASIL,FLAMENGO,LOMMEL SK (BEL),LOMMEL,BÉLGICA,05/10/2020,€2.500.000
1,LINCOLN,20,ATACANTE,FLAMENGO,RIO DE JANEIRO,BRASIL,FLAMENGO,VISSEL KOBE (JAP),KOBE,JAPÃO,20/01/2021,€2.500.000
1,YURI CÉSAR,20,PONTA,FLAMENGO,RIO DE JANEIRO,BRASIL,FLAMENGO,SHABAB AL-AHLI (EAU),DUBAI,EMIRADOS ÁRABES UNIDOS,01/02/2021,€5.000.000
1,GERSON,24,VOLANTE,FLAMENGO,RIO DE JANEIRO,BRASIL,FLAMENGO,OLYMPIQUE MARSEILLE (FRA),MARSEILLE,FRANÇA,01/07/2021,€20.500.000
1,RODRIGO MUNIZ,20,ATACANTE,FLAMENGO,RIO DE JANEIRO,BRASIL,FLAMENGO,FULHAM (ING),LONDRES,INGLATERRA,20/08/2021,€8.000.000
1,BILL,22,PONTA,FLAMENGO,RIO DE JANEIRO,BRASIL,FLAMENGO,DNIPRO (UCR),DNIPRO,UCRÂNIA,01/01/2022,€300.000
1,MAX,20,MEIA,FLAMENGO,RIO DE JANEIRO,BRASIL,FLAMENGO,COLORADO (EUA),COMMERCE CITY,ESTADOS UNIDOS,06/01/2022,€909.000
1,LÁZARO,20,PONTA,FLAMENGO,RIO DE JANEIRO,BRASIL,FLAMENGO,ALMERÍA (ESP),ALMERIA,ESPANHA,01/09/2022,€7.000.000
1,JOÃO GOMES,21,VOLANTE,FLAMENGO,RIO DE JANEIRO,BRASIL,FLAMENGO,WOLVERHAMPTON (ING),WOLVERHAMPTON,INGLATERRA,30/01/2023,€18.700.000
1,RAMON,21,LATERAL,FLAMENGO,RIO DE JANEIRO,BRASIL,FLAMENGO,OLYMPIACOS (GRE),PIREU,GRÉCIA,21/01/2023,€1.500.000
1,OTÁVIO,21,ZAGUEIRO,FLAMENGO,RIO DE JANEIRO,BRASIL,FLAMENGO,FAMALICÃO (POR),VILA NOVA DE FAMALICÃO,PORTUGAL,01/07/2023,€500.000
1,VITOR GABRIEL,23,ATACANTE,FLAMENGO,RIO DE JANEIRO,BRASIL,FLAMENGO,GANGWON (COR),GANGWON,COREIA DO SUL,12/07/2023,€1.000.000
1,MATEUSÃO,19,ATACANTE,FLAMENGO,RIO DE JANEIRO,BRASIL,FLAMENGO,SHABAB AL-AHLI (EAU),DUBAI,EMIRADOS ÁRABES UNIDOS,01/08/2023,€2.000.000
1,MATHEUS FRANÇA,19,MEIA,FLAMENGO,RIO DE JANEIRO,BRASIL,FLAMENGO,CRYSTAL PALACE (ING),LONDRES,INGLATERRA,05/08/2023,€20.000.000
1,ANDRÉ LUIZ,22,ATACANTE,FLAMENGO,RIO DE JANEIRO,BRASIL,FLAMENGO,ESTRELA (POR),AMADORA,PORTUGAL,01/07/2024,€600.000
1,GABRIEL NOGA,22,ZAGUEIRO,FLAMENGO,RIO DE JANEIRO,BRASIL,FLAMENGO,LEIXÕES (POR),LEIXÕES,PORTUGAL,21/07/2024,€100.000
1,IGOR JESUS,21,VOLANTE,FLAMENGO,RIO DE JANEIRO,BRASIL,FLAMENGO,ESTRELA (POR),AMADORA,PORTUGAL,02/09/2024,€2.000.000
1,WALLACE OLIVEIRA,18,LATERAL,FLUMINENSE,RIO DE JANEIRO,BRASIL,FLUMINENSE,CHELSEA (ING),LONDRES,INGLATERRA,01/01/2013,€5.400.000
1,WELLINGTON NEM,21,PONTA,FLUMINENSE,RIO DE JANEIRO,BRASIL,FLUMINENSE,SHAKTAR DONETSK (UCR),DONETSK,UCRÂNIA,01/07/2013,€9.000.000
1,DENI JÚNIOR,19,ATACANTE,FLUMINENSE,RIO DE JANEIRO,BRASIL,FLUMINENSE,GRANADA (ESP),GRANADA,ESPANHA,31/01/2015,
1,KENEDY,19,PONTA,FLUMINENSE,RIO DE JANEIRO,BRASIL,FLUMINENSE,CHELSEA (ING),LONDRES,INGLATERRA,22/08/2015,€8.000.000
1,BIRO BIRO,21,PONTA,FLUMINENSE,RIO DE JANEIRO,BRASIL,FLUMINENSE,SH SHENXIN (CHN),XANGAI,CHINA,01/01/2016,€1.300.000
1,GERSON,19,VOLANTE,FLUMINENSE,RIO DE JANEIRO,BRASIL,FLUMINENSE,ROMA (ITA),ROMA,ITÁLIA,01/07/2016,€18.500.000
1,AÍLTON,22,LATERAL,FLUMINENSE,RIO DE JANEIRO,BRASIL,FLUMINENSE,ESTORIL (POR),ESTORIL,PORTUGAL,01/07/2017,€310.000
1,MARLON,21,ZAGUEIRO,FLUMINENSE,RIO DE JANEIRO,BRASIL,FLUMINENSE,BARCELONA (ESP),BARCELONA,ESPANHA,01/07/2017,€5.000.000
1,RICHARLISON,20,ATACANTE,FLUMINENSE,RIO DE JANEIRO,BRASIL,FLUMINENSE,WATFORD (ING),WATFORD,INGLATERRA,08/08/2017,€12.400.000
1,WENDEL,20,VOLANTE,FLUMINENSE,RIO DE JANEIRO,BRASIL,FLUMINENSE,SPORTING (POR),LISBOA,PORTUGAL,06/01/2018,€7.500.000
1,AYRTON LUCAS,21,LATERAL,FLUMINENSE,RIO DE JANEIRO,BRASIL,FLUMINENSE,SPARTAK MOSCOU (RUS),MOSCOU,RÚSSIA,01/01/2019,€7.000.000
1,IBAÑEZ,20,ZAGUEIRO,FLUMINENSE,RIO DE JANEIRO,BRASIL,FLUMINENSE,ATALANTA (ITA),BERGAMO,ITÁLIA,29/01/2019,€4.150.000
1,PEDRO,22,ATACANTE,FLUMINENSE,RIO DE JANEIRO,BRASIL,FLUMINENSE,FIORENTINA (ITA),FLORENÇA,ITÁLIA,02/09/2019,€11.000.000
1,JOÃO PEDRO,18,ATACANTE,FLUMINENSE,RIO DE JANEIRO,BRASIL,FLUMINENSE,WATFORD (ING),WATFORD,INGLATERRA,01/01/2020,€11.500.000
1,KAYKY,18,PONTA,FLUMINENSE,RIO DE JANEIRO,BRASIL,FLUMINENSE,MANCHESTER CITY (ING),MANCHESTER,INGLATERRA,31/08/2021,€10.000.000
1,METINHO,18,MEIA,FLUMINENSE,RIO DE JANEIRO,BRASIL,FLUMINENSE,TROYES (FRA),TROYES,FRANÇA,23/07/2021,€5.000.000
1,LUIZ HENRIQUE,21,PONTA,FLUMINENSE,RIO DE JANEIRO,BRASIL,FLUMINENSE,REAL BETIS (ESP),SEVILLA,ESPANHA,01/07/2022,€8.000.000
1,MATHEUS MARTINS,19,PONTA,FLUMINENSE,RIO DE JANEIRO,BRASIL,FLUMINENSE,UDINESE (ITA),ÚDINE,ITÁLIA,02/01/2023,€6.000.000
1,NINO,26,ZAGUEIRO,FLUMINENSE,RIO DE JANEIRO,BRASIL,FLUMINENSE,ZENIT (RUS),SÃO PETERSBURGO,RÚSSIA,04/01/2024,€5.000.000
1,CIPRIANO,21,ZAGUEIRO,FLUMINENSE,RIO DE JANEIRO,BRASIL,FLUMINENSE,APOEL,NICÓSIA,CHIPRE,01/07/2024,€400.000
1,JEFTÉ,20,LATERAL,FLUMINENSE,RIO DE JANEIRO,BRASIL,FLUMINENSE,APOEL,NICÓSIA,CHIPRE,01/07/2024,€800.000
1,ALEKSANDER,20,LATERAL,FLUMINENSE,RIO DE JANEIRO,BRASIL,FLUMINENSE,AL-AHLI (ARA),JEDDAH,ARÁBIA SAUDITA,20/08/2024,€9.000.000
1,ANDRÉ,23,VOLANTE,FLUMINENSE,RIO DE JANEIRO,BRASIL,FLUMINENSE,WOLVERHAMPTON (ING),WOLVERHAMPTON,INGLATERRA,30/08/2024,€22.000.000
1,ARTHUR,19,MEIA,FLUMINENSE,RIO DE JANEIRO,BRASIL,FLUMINENSE,WYDAD (MAR),CASABLANCA,MARROCOS,19/09/2024,€1.500.000
1,DANILO BARBOSA,18,VOLANTE,VASCO,RIO DE JANEIRO,BRASIL,VASCO,BRAGA (POR),BRAGA,PORTUGAL,01/07/2014,€4.500.000
1,JHON CLEY,21,MEIA,VASCO,RIO DE JANEIRO,BRASIL,VASCO,AL-QADSIAH (ARA),KHOBAR,ARÁBIA SAUDITA,06/09/2015,€450.000
1,MATHEUS ÍNDIO,21,MEIA,VASCO,RIO DE JANEIRO,BRASIL,VASCO,ESTORIL (POR),ESTORIL,PORTUGAL,01/07/2017,€175.000
1,DOUGLAS LUIZ,19,VOLANTE,VASCO,RIO DE JANEIRO,BRASIL,VASCO,MANCHESTER CITY (ING),MANCHESTER,INGLATERRA,15/07/2017,€12.000.000
1,PAULINHO,18,PONTA,VASCO,RIO DE JANEIRO,BRASIL,VASCO,BAYER LEVERKUSEN (ALE),LEVERKUSEN,ALEMANHA,16/07/2018,€18.500.000
1,EVANDER,21,MEIA,VASCO,RIO DE JANEIRO,BRASIL,VASCO,MIDTJYLLAND (DIN),HERNING,DINAMARCA,01/07/2019,€2.500.000
1,NATHAN,19,LATERAL,VASCO,RIO DE JANEIRO,BRASIL,VASCO,BOAVISTA (POR),PORTO,PORTUGAL,01/07/2021,€1.300.000
1,TALLES MAGNO,18,PONTA,VASCO,RIO DE JANEIRO,BRASIL,VASCO,NEW YORK CITY (EUA),NOVA IORQUE,ESTADOS UNIDOS,18/05/2021,€7.270.000
1,ARTHUR SALES,19,ATACANTE,VASCO,RIO DE JANEIRO,BRASIL,VASCO,LOMMEL SK (BEL),LOMMEL,BÉLGICA,31/08/2021,€3.000.000
1,ANDREY SANTOS,18,VOLANTE,VASCO,RIO DE JANEIRO,BRASIL,VASCO,CHELSEA (ING),LONDRES,INGLATERRA,01/01/2023,€12.500.000
1,EGUINALDO,18,PONTA,VASCO,RIO DE JANEIRO,BRASIL,VASCO,SHAKTAR DONETSK (UCR),DONETSK,UCRÂNIA,31/07/2023,€3.500.000
1,MARLON GOMES,20,VOLANTE,VASCO,RIO DE JANEIRO,BRASIL,VASCO,SHAKTAR DONETSK (UCR),DONETSK,UCRÂNIA,26/01/2024,€12.000.000
1,GABRIEL PEC,22,PONTA,VASCO,RIO DE JANEIRO,BRASIL,VASCO,LA GALAXY (EUA),LOS ANGELES,ESTADOS UNIDOS,31/01/2024,€9.300.000
1,VITINHO,19,PONTA,BOTAFOGO,RIO DE JANEIRO,BRASIL,BOTAFOGO,CSKA MOSCOU (RUS),MOSCOU,RÚSSIA,01/09/2013,€9.500.000
1,JÁDSON,19,VOLANTE,BOTAFOGO,RIO DE JANEIRO,BRASIL,BOTAFOGO,UDINESE (ITA),ÚDINE,ITÁLIA,01/07/2013,€2.500.000
1,MATHEUS DÓRIA,19,ZAGUEIRO,BOTAFOGO,RIO DE JANEIRO,BRASIL,BOTAFOGO,OLYMPIQUE MARSEILLE (FRA),MARSEILLE,FRANÇA,01/09/2014,€5.000.000
1,JAIRO,22,ATACANTE,BOTAFOGO,RIO DE JANEIRO,BRASIL,BOTAFOGO,TRENCIN (SVK),TRENCIN,ESLOVÁQUIA,01/01/2015,€50.000
1,GILBERTO,22,LATERAL,BOTAFOGO,RIO DE JANEIRO,BRASIL,BOTAFOGO,FIORENTINA (ITA),FLORENÇA,ITÁLIA,22/07/2015,€2.000.000
1,RIBAMAR,19,ATACANTE,BOTAFOGO,RIO DE JANEIRO,BRASIL,BOTAFOGO,1860 MUNICH (ALE),MUNIQUE,ALEMANHA,29/07/2016,€2.500.000
1,JONATHAN VIEIRA,21,LATERAL,BOTAFOGO,RIO DE JANEIRO,BRASIL,BOTAFOGO,ALMERÍA (ESP),ALMERIA,ESPANHA,20/08/2019,€1.000.000
1,EZEQUIEL,21,ATACANTE,BOTAFOGO,RIO DE JANEIRO,BRASIL,BOTAFOGO,SANFRECCE HIROSHIMA (JAP),HIROSHIMA,JAPÃO,11/01/2020,€1.100.000
1,CAIO ALEXANDRE,22,MEIA,BOTAFOGO,RIO DE JANEIRO,BRASIL,BOTAFOGO,VANCOUVER (EUA),VANCOUVER,ESTADOS UNIDOS,07/03/2021,€3.600.000
1,JEFFINHO,23,PONTA,BOTAFOGO,RIO DE JANEIRO,BRASIL,BOTAFOGO,LYON (FRA),LYON,FRANÇA,31/01/2023,€10.000.000
1,ADRYELSON,25,ZAGUEIRO,BOTAFOGO,RIO DE JANEIRO,BRASIL,BOTAFOGO,LYON (FRA),LYON,FRANÇA,05/01/2024,€3.580.000
1,ERISON,24,ATACANTE,BOTAFOGO,RIO DE JANEIRO,BRASIL,BOTAFOGO,KAWASAKI FRONTALE (JAP),KAWASAKI,JAPÃO,08/01/2024,€3.200.000